AddBldg,AddNum,AddNumFrom,AddNumTo,AddRange,Addr_type,BldgName,BldgType,Block,City,CntryName,Country,DisplayX,DisplayY,Distance,District,ExInfo,LangCode,LevelName,LevelType,LongLabel,Match_addr,MetroArea,Nbrhd,Phone,PlaceName,Place_addr,Postal,PostalExt,Rank,Region,RegionAbbr,ResultID,Score,Sector,ShortLabel,Side,StAddr,StDir,StName,StPreDir,StPreType,StType,Status,StrucDet,StrucType,SubAddr,Subregion,Territory,Type,URL,UnitName,UnitType,X,Xmax,Xmin,Y,Ymax,Ymin,Zone
,5029,,,,PointAddress,,,,Oakland,United States,USA,-122.201298103762,37.776070766978,0,,,ENG,,,"5029 Fairfax Ave, Oakland, CA, 94601, USA","5029 Fairfax Ave, Oakland, California, 94601",,,,,"5029 Fairfax Ave, Oakland, California, 94601",94601,5408,20,California,CA,-1,100,,5029 Fairfax Ave,,5029 Fairfax Ave,,Fairfax,,,Ave,M,Single Family,Residential,,Alameda County,,,,,,-122.201095513162,-122.200298103762,-122.202298103762,37.776157603495,37.777070766978,37.775070766978,
,3039,,,,PointAddress,,,,Oakland,United States,USA,-122.192699360751,37.77971425456,0,,,ENG,,,"3039 Modesto Ave, Oakland, CA, 94619, USA","3039 Modesto Ave, Oakland, California, 94619",,,,,"3039 Modesto Ave, Oakland, California, 94619",94619,3337,20,California,CA,-1,100,,3039 Modesto Ave,,3039 Modesto Ave,,Modesto,,,Ave,M,Single Family,Residential,,Alameda County,,,,,,-122.192605399616,-122.191699360751,-122.193699360751,37.779563296484,37.78071425456,37.77871425456,
,5006,,,,PointAddress,,,,Oakland,United States,USA,-122.201099536475,37.776750204049,0,,,ENG,,,"5006 Fairfax Ave, Oakland, CA, 94601, USA","5006 Fairfax Ave, Oakland, California, 94601",,,,,"5006 Fairfax Ave, Oakland, California, 94601",94601,5407,20,California,CA,-1,100,,5006 Fairfax Ave,,5006 Fairfax Ave,,Fairfax,,,Ave,M,Single Family,Residential,,Alameda County,,,,,,-122.201256361884,-122.200099536475,-122.202099536475,37.776681472443,37.777750204049,37.775750204049,
,41063,,,,PointAddress,,,,Fremont,United States,USA,-121.950493204384,37.539834034415,0,,,ENG,,,"41063 Joyce Ave, Fremont, CA, 94539, USA","41063 Joyce Ave, Fremont, California, 94539",,,,,"41063 Joyce Ave, Fremont, California, 94539",94539,4425,20,California,CA,-1,100,,41063 Joyce Ave,,41063 Joyce Ave,,Joyce,,,Ave,M,Single Family,Residential,,Alameda County,,,,,,-121.950399410888,-121.949493204384,-121.951493204384,37.539993625851,37.540834034415,37.538834034415,
,2659,,,,PointAddress,,,,Livermore,United States,USA,-121.766714612845,37.692524356624,0,,,ENG,,,"2659 Pickfair Ln, Livermore, CA, 94551, USA","2659 Pickfair Ln, Livermore, California, 94551",,,,,"2659 Pickfair Ln, Livermore, California, 94551",94551,1736,20,California,CA,-1,98.3,,2659 Pickfair Ln,,2659 Pickfair Ln,,Pickfair,,,Ln,M,Single Family,Residential,,Alameda County,,,,,,-121.766831624213,-121.765714612845,-121.767714612845,37.692700711867,37.693524356624,37.691524356624,
,4952,,,,PointAddress,,,,Fremont,United States,USA,-121.999905026518,37.538209412032,0,,,ENG,,,"4952 Brophy Dr, Fremont, CA, 94536, USA","4952 Brophy Dr, Fremont, California, 94536",,,,,"4952 Brophy Dr, Fremont, California, 94536",94536,7304,20,California,CA,-1,100,,4952 Brophy Dr,,4952 Brophy Dr,,Brophy,,,Dr,M,Single Family,Residential,,Alameda County,,,,,,-122.000063025393,-121.998905026518,-122.000905026518,37.538364812517,37.539209412032,37.537209412032,
,161,,,,PointAddress,,,,Alameda,United States,USA,-122.256093287028,37.742579825103,0,,,ENG,,,"161 Shannon Cir, Alameda, CA, 94502, USA","161 Shannon Cir, Alameda, California, 94502",,,,,"161 Shannon Cir, Alameda, California, 94502",94502,7755,20,California,CA,-1,100,,161 Shannon Cir,,161 Shannon Cir,,Shannon,,,Cir,M,Single Family,Residential,,Alameda County,,,,,,-122.255957919292,-122.255093287028,-122.257093287028,37.742712175354,37.743579825103,37.741579825103,
,2643,,,,PointAddress,,,,Oakland,United States,USA,-122.198372065182,37.778510822811,0,,,ENG,,,"2643 Best Ave, Oakland, CA, 94619, USA","2643 Best Ave, Oakland, California, 94619",,,,,"2643 Best Ave, Oakland, California, 94619",94619,3201,20,California,CA,-1,100,,2643 Best Ave,,2643 Best Ave,,Best,,,Ave,M,Single Family,Residential,,Alameda County,,,,,,-122.198275338019,-122.197372065182,-122.199372065182,37.7783698392,37.779510822811,37.777510822811,
,6615,,,,PointAddress,,,,Pleasanton,United States,USA,-121.870834697909,37.634649787859,0,,,ENG,,,"6615 Alisal St, Pleasanton, CA, 94566, USA","6615 Alisal St, Pleasanton, California, 94566",,,,,"6615 Alisal St, Pleasanton, California, 94566",94566,9712,20,California,CA,-1,100,,6615 Alisal St,,6615 Alisal St,,Alisal,,,St,M,Single Family,Residential,,Alameda County,,,,,,-121.870593634374,-121.869834697909,-121.871834697909,37.634952206926,37.635649787859,37.633649787859,
,463,,,,PointAddress,,,,Alameda,United States,USA,-122.282869695818,37.778133301892,0,,,ENG,,,"463 Buena Vista Ave, Alameda, CA, 94501, USA","463 Buena Vista Ave, Alameda, California, 94501",,,,,"463 Buena Vista Ave, Alameda, California, 94501",94501,1963,20,California,CA,-1,100,,463 Buena Vista Ave,,463 Buena Vista Ave,,Buena Vista,,,Ave,M,Multifamily,Residential,,Alameda County,,,,,,-122.282889812385,-122.281869695818,-122.283869695818,37.77740198084,37.779133301892,37.777133301892,
,844,,,,PointAddress,,,,Pleasanton,United States,USA,-121.851188690332,37.660834266646,0,,,ENG,,,"844 Madeira Dr, Pleasanton, CA, 94566, USA","844 Madeira Dr, Pleasanton, California, 94566",,,,,"844 Madeira Dr, Pleasanton, California, 94566",94566,6917,20,California,CA,-1,100,,844 Madeira Dr,,844 Madeira Dr,,Madeira,,,Dr,M,Single Family,Residential,,Alameda County,,,,,,-121.851245938731,-121.850188690332,-121.852188690332,37.660640644683,37.661834266646,37.659834266646,
,39530,,,,PointAddress,,,,Fremont,United States,USA,-121.991847419176,37.532118869728,0,,,ENG,,,"39530 Banyan Tree Ct, Fremont, CA, 94538, USA","39530 Banyan Tree Ct, Fremont, California, 94538",,,,,"39530 Banyan Tree Ct, Fremont, California, 94538",94538,1814,20,California,CA,-1,100,,39530 Banyan Tree Ct,,39530 Banyan Tree Ct,,Banyan Tree,,,Ct,M,Single Family,Residential,,Alameda County,,,,,,-121.991684391159,-121.990847419176,-121.992847419176,37.531977383202,37.533118869728,37.531118869728,
,31,,,,PointAddress,,,,Oakland,United States,USA,-122.139402861772,37.761039039009,0,,,ENG,,,"31 Sequoyah View Ct, Oakland, CA, 94605, USA","31 Sequoyah View Ct, Oakland, California, 94605",,,,,"31 Sequoyah View Ct, Oakland, California, 94605",94605,4904,20,California,CA,-1,100,,31 Sequoyah View Ct,,31 Sequoyah View Ct,,Sequoyah View,,,Ct,M,Single Family,Residential,,Alameda County,,,,,,-122.139505875362,-122.138402861772,-122.140402861772,37.760896714293,37.762039039009,37.760039039009,
,32722,,,,PointAddress,,,,Union City,United States,USA,-122.06831686295,37.577023365338,0,,,ENG,,,"32722 Fellows Ct, Union City, CA, 94587, USA","32722 Fellows Ct, Union City, California, 94587",,,,,"32722 Fellows Ct, Union City, California, 94587",94587,5450,20,California,CA,-1,100,,32722 Fellows Ct,,32722 Fellows Ct,,Fellows,,,Ct,M,Single Family,Residential,,Alameda County,,,,,,-122.068206389466,-122.06731686295,-122.06931686295,37.577232745279,37.578023365338,37.576023365338,
,3625,,,,PointAddress,,,,Fremont,United States,USA,-122.032534099199,37.575076752144,0,,,ENG,,,"3625 Warwick Rd, Fremont, CA, 94555, USA","3625 Warwick Rd, Fremont, California, 94555",,,,,"3625 Warwick Rd, Fremont, California, 94555",94555,3164,20,California,CA,-1,100,,3625 Warwick Rd,,3625 Warwick Rd,,Warwick,,,Rd,M,Single Family,Residential,,Alameda County,,,,,,-122.032318516649,-122.031534099199,-122.033534099199,37.574878771591,37.576076752144,37.574076752144,
,2500,,,,PointAddress,,,,Oakland,United States,USA,-122.186411005532,37.768033862937,0,,,ENG,,,"2500 65th Ave, Oakland, CA, 94605, USA","2500 65th Ave, Oakland, California, 94605",,,,,"2500 65th Ave, Oakland, California, 94605",94605,1909,20,California,CA,-1,100,,2500 65th Ave,,2500 65th Ave,,65th,,,Ave,M,Single Family,Residential,,Alameda County,,,,,,-122.186490214517,-122.185411005532,-122.187411005532,37.768157076914,37.769033862937,37.767033862937,
,852,,,,PointAddress,,,,Emeryville,United States,USA,-122.271320019975,37.835269299259,0,,,ENG,,,"852 46th St, Emeryville, CA, 94608, USA","852 46th St, Emeryville, California, 94608",,,,,"852 46th St, Emeryville, California, 94608",94608,3416,20,California,CA,-1,100,,852 46th St,,852 46th St,,46th,,,St,M,Single Family,Residential,,Alameda County,,,,,,-122.271367796823,-122.270320019975,-122.272320019975,37.834967047831,37.836269299259,37.834269299259,
,5233,,,,PointAddress,,,,Oakland,United States,USA,-122.190116477287,37.779276844943,0,,,ENG,,,"5233 Camden St, Oakland, CA, 94619, USA","5233 Camden St, Oakland, California, 94619",,,,,"5233 Camden St, Oakland, California, 94619",94619,3403,20,California,CA,-1,100,,5233 Camden St,,5233 Camden St,,Camden,,,St,M,Single Family,Residential,,Alameda County,,,,,,-122.190026539466,-122.189116477287,-122.191116477287,37.779377427781,37.780276844943,37.778276844943,
,1815,,,,PointAddress,,,,Oakland,United States,USA,-122.211576663988,37.810552617447,0,,,ENG,,,"1815 Clemens Rd, Oakland, CA, 94602, USA","1815 Clemens Rd, Oakland, California, 94602",,,,,"1815 Clemens Rd, Oakland, California, 94602",94602,1803,20,California,CA,-1,100,,1815 Clemens Rd,,1815 Clemens Rd,,Clemens,,,Rd,M,Single Family,Residential,,Alameda County,,,,,,-122.211516817199,-122.210576663988,-122.212576663988,37.810663342388,37.811552617447,37.809552617447,
,7500,,,,PointAddress,,,,Oakland,United States,USA,-122.167250310149,37.771038565678,0,,,ENG,,,"7500 Hillmont Dr, Oakland, CA, 94605, USA","7500 Hillmont Dr, Oakland, California, 94605",,,,,"7500 Hillmont Dr, Oakland, California, 94605",94605,2932,20,California,CA,-1,100,,7500 Hillmont Dr,,7500 Hillmont Dr,,Hillmont,,,Dr,M,Single Family,Residential,,Alameda County,,,,,,-122.167270175259,-122.166250310149,-122.168250310149,37.770566664529,37.772038565678,37.770038565678,
,1353,,,,PointAddress,,,,Livermore,United States,USA,-121.738089407672,37.711980472185,0,,,ENG,,,"1353 Marigold Rd, Livermore, CA, 94551, USA","1353 Marigold Rd, Livermore, California, 94551",,,,,"1353 Marigold Rd, Livermore, California, 94551",94551,1321,20,California,CA,-1,98.3,,1353 Marigold Rd,,1353 Marigold Rd,,Marigold,,,Rd,M,Single Family,Residential,,Alameda County,,,,,,-121.738176495646,-121.737089407672,-121.739089407672,37.711805709504,37.712980472185,37.710980472185,
,2920,,,,PointAddress,,,,Berkeley,United States,USA,-122.262823620002,37.856366130456,0,,,ENG,,,"2920 Deakin St, Berkeley, CA, 94705, USA","2920 Deakin St, Berkeley, California, 94705",,,,,"2920 Deakin St, Berkeley, California, 94705",94705,1946,20,California,CA,-1,100,,2920 Deakin St,,2920 Deakin St,,Deakin,,,St,M,Multifamily,Residential,,Alameda County,,,,,,-122.262502257834,-122.261823620002,-122.263823620002,37.856434694424,37.857366130456,37.855366130456,
,48275,,,,PointAddress,,,,Fremont,United States,USA,-121.912996257615,37.47539413044,0,,,ENG,,,"48275 Arcadian St, Fremont, CA, 94539, USA","48275 Arcadian St, Fremont, California, 94539",,,,,"48275 Arcadian St, Fremont, California, 94539",94539,7601,20,California,CA,-1,100,,48275 Arcadian St,,48275 Arcadian St,,Arcadian,,,St,M,Single Family,Residential,,Alameda County,,,,,,-121.912792493549,-121.911996257615,-121.913996257615,37.475463616417,37.47639413044,37.47439413044,
,5829,,,,PointAddress,,,,Oakland,United States,USA,-122.189023477113,37.773764025315,0,,,ENG,,,"5829 Picardy Dr, Oakland, CA, 94605, USA","5829 Picardy Dr, Oakland, California, 94605",,,,,"5829 Picardy Dr, Oakland, California, 94605",94605,1181,20,California,CA,-1,100,,5829 Picardy Dr,,5829 Picardy Dr,,Picardy,,,Dr,M,Single Family,Residential,,Alameda County,,,,,,-122.188849217346,-122.188023477113,-122.190023477113,37.773928478255,37.774764025315,37.772764025315,
,41974,,,,PointAddress,,,,Fremont,United States,USA,-121.943712077077,37.534817926369,0,,,ENG,,,"41974 Chadbourne Dr, Fremont, CA, 94539, USA","41974 Chadbourne Dr, Fremont, California, 94539",,,,,"41974 Chadbourne Dr, Fremont, California, 94539",94539,4609,20,California,CA,-1,100,,41974 Chadbourne Dr,,41974 Chadbourne Dr,,Chadbourne,,,Dr,M,Single Family,Residential,,Alameda County,,,,,,-121.943890360158,-121.942712077077,-121.944712077077,37.534787835337,37.535817926369,37.533817926369,
,38852,,,,PointAddress,,,,Fremont,United States,USA,-121.974938438262,37.560921142605,0,,,ENG,,,"38852 Bluegill St, Fremont, CA, 94536, USA","38852 Bluegill St, Fremont, California, 94536",,,,,"38852 Bluegill St, Fremont, California, 94536",94536,3213,20,California,CA,-1,100,,38852 Bluegill St,,38852 Bluegill St,,Bluegill,,,St,M,Single Family,Residential,,Alameda County,,,,,,-121.975054192345,-121.973938438262,-121.975938438262,37.560838832315,37.561921142605,37.559921142605,
,16009,,,,PointAddress,,,,San Lorenzo,United States,USA,-122.134274478133,37.676540192997,0,,,ENG,,,"16009 Via Olinda, San Lorenzo, CA, 94580, USA","16009 Via Olinda, San Lorenzo, California, 94580",,,,,"16009 Via Olinda, San Lorenzo, California, 94580",94580,2324,20,California,CA,-1,100,,16009 Via Olinda,,16009 Via Olinda,,Olinda,,Via,,M,Single Family,Residential,,Alameda County,,,,,,-122.134121173124,-122.133274478133,-122.135274478133,37.676640524378,37.677540192997,37.675540192997,
,2511,,,,PointAddress,,,,Berkeley,United States,USA,-122.259579823473,37.875423979887,0,,,ENG,,,"2511 Hearst Ave, Berkeley, CA, 94709, USA","2511 Hearst Ave, Berkeley, California, 94709",,,,,"2511 Hearst Ave, Berkeley, California, 94709",94709,1165,20,California,CA,-1,100,,2511 Hearst Ave,,2511 Hearst Ave,,Hearst,,,Ave,M,Multifamily,Residential,,Alameda County,,,,,,-122.259548894251,-122.258579823473,-122.260579823473,37.875191717351,37.876423979887,37.874423979887,
,4418,,,,PointAddress,,,,Fremont,United States,USA,-121.987859058188,37.540894973809,0,,,ENG,,,"4418 Inyo Ct, Fremont, CA, 94538, USA","4418 Inyo Ct, Fremont, California, 94538",,,,,"4418 Inyo Ct, Fremont, California, 94538",94538,1209,20,California,CA,-1,100,,4418 Inyo Ct,,4418 Inyo Ct,,Inyo,,,Ct,M,Single Family,Residential,,Alameda County,,,,,,-121.98800347838,-121.986859058188,-121.988859058188,37.541009135331,37.541894973809,37.539894973809,
,2909,,,,PointAddress,,,,Berkeley,United States,USA,-122.269915883555,37.855919207379,0,,,ENG,,,"2909 Otis St, Berkeley, CA, 94703, USA","2909 Otis St, Berkeley, California, 94703",,,,,"2909 Otis St, Berkeley, California, 94703",94703,2516,20,California,CA,-1,100,,2909 Otis St,,2909 Otis St,,Otis,,,St,M,Single Family,Residential,,Alameda County,,,,,,-122.270142865493,-122.268915883555,-122.270915883555,37.855893474936,37.856919207379,37.854919207379,
,4141,,,,PointAddress,,,,Fremont,United States,USA,-122.053602431926,37.578061422137,0,,,ENG,,,"4141 Deep Creek Rd, Fremont, CA, 94555, USA","4141 Deep Creek Rd, Fremont, California, 94555",,,,,"4141 Deep Creek Rd, Fremont, California, 94555",94555,2005,20,California,CA,-1,100,,4141 Deep Creek Rd,,4141 Deep Creek Rd,,Deep Creek,,,Rd,M,,Commercial,,Alameda County,,,,,,-122.052475736501,-122.052602431926,-122.054602431926,37.577200768319,37.579061422137,37.577061422137,
,4888,,,,PointAddress,,,,Fremont,United States,USA,-121.980103031723,37.527747330036,0,,,ENG,,,"4888 Piper St, Fremont, CA, 94538, USA","4888 Piper St, Fremont, California, 94538",,,,,"4888 Piper St, Fremont, California, 94538",94538,2521,20,California,CA,-1,100,,4888 Piper St,,4888 Piper St,,Piper,,,St,M,Single Family,Residential,,Alameda County,,,,,,-121.97990940976,-121.979103031723,-121.981103031723,37.527962577309,37.528747330036,37.526747330036,
,674,,,,PointAddress,,,,Oakland,United States,USA,-122.278073151725,37.80386234997,0,,,ENG,,,"674 10th St, Oakland, CA, 94607, USA","674 10th St, Oakland, California, 94607",,,,,"674 10th St, Oakland, California, 94607",94607,3647,20,California,CA,-1,100,,674 10th St,,674 10th St,,10th,,,St,M,Multifamily,Residential,,Alameda County,,,,,,-122.27815588111,-122.277073151725,-122.279073151725,37.803655903695,37.80486234997,37.80286234997,
,862,,,,PointAddress,,,,Alameda,United States,USA,-122.247725800726,37.759287011698,0,,,ENG,,,"862 Oak St, Alameda, CA, 94501, USA","862 Oak St, Alameda, California, 94501",,,,,"862 Oak St, Alameda, California, 94501",94501,5222,20,California,CA,-1,100,,862 Oak St,,862 Oak St,,Oak,,,St,M,Single Family,Residential,,Alameda County,,,,,,-122.247854379121,-122.246725800726,-122.248725800726,37.759376949519,37.760287011698,37.758287011698,
,10735,,,,PointAddress,,,,Oakland,United States,USA,-122.176702833817,37.730992514515,0,,,ENG,,,"10735 Acalanes Dr, Oakland, CA, 94603, USA","10735 Acalanes Dr, Oakland, California, 94603",,,,,"10735 Acalanes Dr, Oakland, California, 94603",94603,3560,20,California,CA,-1,100,,10735 Acalanes Dr,,10735 Acalanes Dr,,Acalanes,,,Dr,M,Single Family,Residential,,Alameda County,,,,,,-122.176576518536,-122.175702833817,-122.177702833817,37.731136347973,37.731992514515,37.729992514515,
,32469,,,,PointAddress,,,,Union City,United States,USA,-122.072578054887,37.579204001268,0,,,ENG,,,"32469 Deborah Dr, Union City, CA, 94587, USA","32469 Deborah Dr, Union City, California, 94587",,,,,"32469 Deborah Dr, Union City, California, 94587",94587,5006,20,California,CA,-1,100,,32469 Deborah Dr,,32469 Deborah Dr,,Deborah,,,Dr,M,Single Family,Residential,,Alameda County,,,,,,-122.072666819241,-122.071578054887,-122.073578054887,37.579035944109,37.580204001268,37.578204001268,
,5491,,,,PointAddress,,,,Fremont,United States,USA,-121.998113310895,37.529938527164,0,,,ENG,,,"5491 Tyler Pl, Fremont, CA, 94538, USA","5491 Tyler Pl, Fremont, California, 94538",,,,,"5491 Tyler Pl, Fremont, California, 94538",94538,1035,20,California,CA,-1,100,,5491 Tyler Pl,,5491 Tyler Pl,,Tyler,,,Pl,M,Single Family,Residential,,Alameda County,,,,,,-121.998182796872,-121.997113310895,-121.999113310895,37.529710120303,37.530938527164,37.528938527164,
,25944,,,,PointAddress,,,,Hayward,United States,USA,-122.076693317889,37.648843199782,0,,,ENG,,,"25944 Tarragon St, Hayward, CA, 94544, USA","25944 Tarragon St, Hayward, California, 94544",,,,,"25944 Tarragon St, Hayward, California, 94544",94544,2970,20,California,CA,-1,100,,25944 Tarragon St,,25944 Tarragon St,,Tarragon,,,St,M,Single Family,Residential,,Alameda County,,,,,,-122.076791721432,-122.075693317889,-122.077693317889,37.648763404064,37.649843199782,37.647843199782,
,1040,,,,PointAddress,,,,Emeryville,United States,USA,-122.27964651877,37.839578268043,0,,,ENG,,,"1040 56th St, Emeryville, CA, 94608, USA","1040 56th St, Emeryville, California, 94608",,,,,"1040 56th St, Emeryville, California, 94608",94608,3129,20,California,CA,-1,100,,1040 56th St,,1040 56th St,,56th,,,St,M,Single Family,Residential,,Alameda County,,,,,,-122.279623887632,-122.27864651877,-122.28064651877,37.839432925842,37.840578268043,37.838578268043,
,1811,,,,PointAddress,,,,Alameda,United States,USA,-122.233769596663,37.766955698732,0,,,ENG,,,"1811 Pearl St, Alameda, CA, 94501, USA","1811 Pearl St, Alameda, California, 94501",,,,,"1811 Pearl St, Alameda, California, 94501",94501,1647,20,California,CA,-1,100,,1811 Pearl St,,1811 Pearl St,,Pearl,,,St,M,Single Family,Residential,,Alameda County,,,,,,-122.233595923629,-122.232769596663,-122.234769596663,37.76679661021,37.767955698732,37.765955698732,
,3331,,,,PointAddress,,,,Berkeley,United States,USA,-122.273165463597,37.847413880679,0,,,ENG,,,"3331 King St, Berkeley, CA, 94703, USA","3331 King St, Berkeley, California, 94703",,,,,"3331 King St, Berkeley, California, 94703",94703,2647,20,California,CA,-1,100,,3331 King St,,3331 King St,,King,,,St,M,Multifamily,Residential,,Alameda County,,,,,,-122.273309967608,-122.272165463597,-122.274165463597,37.847376832667,37.848413880679,37.846413880679,
,1427,,,,PointAddress,,,,Berkeley,United States,USA,-122.281019390692,37.85973502689,0,,,ENG,,,"1427 Carleton St, Berkeley, CA, 94702, USA","1427 Carleton St, Berkeley, California, 94702",,,,,"1427 Carleton St, Berkeley, California, 94702",94702,2306,20,California,CA,-1,100,,1427 Carleton St,,1427 Carleton St,,Carleton,,,St,M,Single Family,Residential,,Alameda County,,,,,,-122.280995921363,-122.280019390692,-122.282019390692,37.859549367735,37.86073502689,37.85873502689,
,3659,,,,PointAddress,,,,Oakland,United States,USA,-122.188757686964,37.798629653546,0,,,ENG,,,"3659 Redwood Rd, Oakland, CA, 94619, USA","3659 Redwood Rd, Oakland, California, 94619",,,,,"3659 Redwood Rd, Oakland, California, 94619",94619,1644,20,California,CA,-1,100,,3659 Redwood Rd,,3659 Redwood Rd,,Redwood,,,Rd,M,Single Family,Residential,,Alameda County,,,,,,-122.188750981441,-122.187757686964,-122.189757686964,37.798811540845,37.799629653546,37.797629653546,
,809,,,,PointAddress,,,,San Leandro,United States,USA,-122.144198735312,37.730301845693,0,,,ENG,,,"809 Rodney Dr, San Leandro, CA, 94577, USA","809 Rodney Dr, San Leandro, California, 94577",,,,,"809 Rodney Dr, San Leandro, California, 94577",94577,3828,20,California,CA,-1,100,,809 Rodney Dr,,809 Rodney Dr,,Rodney,,,Dr,M,Single Family,Residential,,Alameda County,,,,,,-122.14424475196,-122.143198735312,-122.145198735312,37.730463281148,37.731301845693,37.729301845693,
,41228,,,,PointAddress,,,,Fremont,United States,USA,-121.948716157092,37.53928908498,0,,,ENG,,,"41228 Joyce Ave, Fremont, CA, 94539, USA","41228 Joyce Ave, Fremont, California, 94539",,,,,"41228 Joyce Ave, Fremont, California, 94539",94539,4543,20,California,CA,-1,100,,41228 Joyce Ave,,41228 Joyce Ave,,Joyce,,,Ave,M,Single Family,Residential,,Alameda County,,,,,,-121.948803915618,-121.947716157092,-121.949716157092,37.539134355047,37.54028908498,37.53828908498,
,1811,,,,PointAddress,,,,Alameda,United States,USA,-122.233769596663,37.766955698732,0,,,ENG,,,"1811 Pearl St, Alameda, CA, 94501, USA","1811 Pearl St, Alameda, California, 94501",,,,,"1811 Pearl St, Alameda, California, 94501",94501,1647,20,California,CA,-1,100,,1811 Pearl St,,1811 Pearl St,,Pearl,,,St,M,Single Family,Residential,,Alameda County,,,,,,-122.233595923629,-122.232769596663,-122.234769596663,37.76679661021,37.767955698732,37.765955698732,
,3000,,,,PointAddress,,,,Berkeley,United States,USA,-122.277055923956,37.853364361382,0,,,ENG,,,"3000 California St, Berkeley, CA, 94703, USA","3000 California St, Berkeley, California, 94703",,,,,"3000 California St, Berkeley, California, 94703",94703,2329,20,California,CA,-1,100,,3000 California St,,3000 California St,,California,,,St,M,Multifamily,Residential,,Alameda County,,,,,,-122.27691963421,-122.276055923956,-122.278055923956,37.853392524576,37.854364361382,37.852364361382,
,587,,,,PointAddress,,,,Oakland,United States,USA,-122.274112031923,37.806120644233,0,,,ENG,,,"587 15th St, Oakland, CA, 94612, USA","587 15th St, Oakland, California, 94612",,,,,"587 15th St, Oakland, California, 94612",94612,1409,20,California,CA,-1,100,,587 15th St,,587 15th St,,15th,,,St,M,,,,Alameda County,,,,,,-122.27434253426,-122.273112031923,-122.275112031923,37.806376711375,37.807120644233,37.805120644233,
,4642,,,,PointAddress,,,,Fremont,United States,USA,-121.972020697767,37.52881866299,0,,,ENG,,,"4642 Hampshire Way, Fremont, CA, 94538, USA","4642 Hampshire Way, Fremont, California, 94538",,,,,"4642 Hampshire Way, Fremont, California, 94538",94538,3326,20,California,CA,-1,100,,4642 Hampshire Way,,4642 Hampshire Way,,Hampshire,,,Way,M,Single Family,Residential,,Alameda County,,,,,,-121.972127818489,-121.971020697767,-121.973020697767,37.52893299215,37.52981866299,37.52781866299,
,39647,,,,PointAddress,,,,Fremont,United States,USA,-121.979455194426,37.542886346366,0,,,ENG,,,"39647 Embarcadero Ter, Fremont, CA, 94538, USA","39647 Embarcadero Ter, Fremont, California, 94538",,,,,"39647 Embarcadero Ter, Fremont, California, 94538",94538,2104,20,California,CA,-1,100,,39647 Embarcadero Ter,,39647 Embarcadero Ter,,Embarcadero,,,Ter,M,Single Family,Residential,,Alameda County,,,,,,-121.979369112281,-121.978455194426,-121.980455194426,37.543012577828,37.543886346366,37.541886346366,
,1472,,,,PointAddress,,,,Berkeley,United States,USA,-122.282724856531,37.869999631247,0,,,ENG,,,"1472 University Ave, Berkeley, CA, 94702, USA","1472 University Ave, Berkeley, California, 94702",,,,,"1472 University Ave, Berkeley, California, 94702",94702,1510,20,California,CA,-1,100,,1472 University Ave,,1472 University Ave,,University,,,Ave,M,Multifamily,Residential,,Alameda County,,,,,,-122.282753941735,-122.281724856531,-122.283724856531,37.870218231282,37.870999631247,37.868999631247,
,41040,,,,PointAddress,,,,Fremont,United States,USA,-121.95646673532,37.534220296673,0,,,ENG,,,"41040 Lincoln St, Fremont, CA, 94538, USA","41040 Lincoln St, Fremont, California, 94538",,,,,"41040 Lincoln St, Fremont, California, 94538",94538,4316,20,California,CA,-1,100,,41040 Lincoln St,,41040 Lincoln St,,Lincoln,,,St,M,Medical,Commercial,,Alameda County,,,,,,-121.956624482738,-121.95546673532,-121.95746673532,37.533989123783,37.535220296673,37.533220296673,
,2362,,,,PointAddress,,,,Berkeley,United States,USA,-122.261960032518,37.868022005012,0,,,ENG,,,"2362 Bancroft Way, Berkeley, CA, 94704, USA","2362 Bancroft Way, Berkeley, California, 94704",,,,,"2362 Bancroft Way, Berkeley, California, 94704",94704,1604,20,California,CA,-1,100,,2362 Bancroft Way,,2362 Bancroft Way,,Bancroft,,,Way,M,,,,Alameda County,,,,,,-122.261998673092,-122.260960032518,-122.262960032518,37.86832693865,37.869022005012,37.867022005012,
,1930,,,,PointAddress,,,,Berkeley,United States,USA,-122.270820877641,37.865107030545,0,,,ENG,,,"1930 Channing Way, Berkeley, CA, 94704, USA","1930 Channing Way, Berkeley, California, 94704",,,,,"1930 Channing Way, Berkeley, California, 94704",94704,1965,20,California,CA,-1,100,,1930 Channing Way,,1930 Channing Way,,Channing,,,Way,M,Multifamily,Residential,,Alameda County,,,,,,-122.270850633397,-122.269820877641,-122.271820877641,37.865332839016,37.866107030545,37.864107030545,
,5659,,,,PointAddress,,,,Oakland,United States,USA,-122.24977718771,37.843800148854,0,,,ENG,,,"5659 Ocean View Dr, Oakland, CA, 94618, USA","5659 Ocean View Dr, Oakland, California, 94618",,,,,"5659 Ocean View Dr, Oakland, California, 94618",94618,1532,20,California,CA,-1,100,,5659 Ocean View Dr,,5659 Ocean View Dr,,Ocean View,,,Dr,M,Single Family,Residential,,Alameda County,,,,,,-122.249839129974,-122.24877718771,-122.25077718771,37.84397013385,37.844800148854,37.842800148854,
,18514,,,,PointAddress,,,,Castro Valley,United States,USA,-122.084115744608,37.714054364578,0,,,ENG,,,"18514 Capricorn Ct, Castro Valley, CA, 94546, USA","18514 Capricorn Ct, Castro Valley, California, 94546",,,,,"18514 Capricorn Ct, Castro Valley, California, 94546",94546,2118,20,California,CA,-1,100,,18514 Capricorn Ct,,18514 Capricorn Ct,,Capricorn,,,Ct,M,Single Family,Residential,,Alameda County,,,,,,-122.084200150373,-122.083115744608,-122.085115744608,37.713896952436,37.715054364578,37.713054364578,
,587,,,,PointAddress,,,,San Leandro,United States,USA,-122.144778679192,37.734907785307,0,,,ENG,,,"587 Lewis Ave, San Leandro, CA, 94577, USA","587 Lewis Ave, San Leandro, California, 94577",,,,,"587 Lewis Ave, San Leandro, California, 94577",94577,2131,20,California,CA,-1,100,,587 Lewis Ave,,587 Lewis Ave,,Lewis,,,Ave,M,Single Family,Residential,,Alameda County,,,,,,-122.144555972025,-122.143778679192,-122.145778679192,37.734869228553,37.735907785307,37.733907785307,
,623,,,,PointAddress,,,,Livermore,United States,USA,-121.791765690684,37.669767279955,0,,,ENG,,,"623 Los Alamos Ave, Livermore, CA, 94550, USA","623 Los Alamos Ave, Livermore, California, 94550",,,,,"623 Los Alamos Ave, Livermore, California, 94550",94550,5321,20,California,CA,-1,100,,623 Los Alamos Ave,,623 Los Alamos Ave,,Los Alamos,,,Ave,M,Single Family,Residential,,Alameda County,,,,,,-121.791589083984,-121.790765690684,-121.792765690684,37.669936259123,37.670767279955,37.668767279955,
,25318,,,,PointAddress,,,,Hayward,United States,USA,-122.095538518436,37.644307961522,0,,,ENG,,,"25318 Lindenwood Way, Hayward, CA, 94545, USA","25318 Lindenwood Way, Hayward, California, 94545",,,,,"25318 Lindenwood Way, Hayward, California, 94545",94545,2632,20,California,CA,-1,100,,25318 Lindenwood Way,,25318 Lindenwood Way,,Lindenwood,,,Way,M,Single Family,Residential,,Alameda County,,,,,,-122.095717974983,-122.094538518436,-122.096538518436,37.644269237129,37.645307961522,37.643307961522,
,646,,,,PointAddress,,,,Oakland,United States,USA,-122.239831472859,37.810752609657,0,,,ENG,,,"646 Mandana Blvd, Oakland, CA, 94610, USA","646 Mandana Blvd, Oakland, California, 94610",,,,,"646 Mandana Blvd, Oakland, California, 94610",94610,2333,20,California,CA,-1,100,,646 Mandana Blvd,,646 Mandana Blvd,,Mandana,,,Blvd,M,Single Family,Residential,,Alameda County,,,,,,-122.239868520871,-122.238831472859,-122.240831472859,37.810548594133,37.811752609657,37.809752609657,
,4621,,,,PointAddress,,,,Fremont,United States,USA,-122.028776408187,37.558471866678,0,,,ENG,,,"4621 Capitan Dr, Fremont, CA, 94536, USA","4621 Capitan Dr, Fremont, California, 94536",,,,,"4621 Capitan Dr, Fremont, California, 94536",94536,5447,20,California,CA,-1,100,,4621 Capitan Dr,,4621 Capitan Dr,,Capitan,,,Dr,M,Single Family,Residential,,Alameda County,,,,,,-122.028692756793,-122.027776408187,-122.029776408187,37.558292661588,37.559471866678,37.557471866678,
,29273,,,,PointAddress,,,,Hayward,United States,USA,-122.057188880656,37.6278930938,0,,,ENG,,,"29273 Chance St, Hayward, CA, 94544, USA","29273 Chance St, Hayward, California, 94544",,,,,"29273 Chance St, Hayward, California, 94544",94544,6589,20,California,CA,-1,100,,29273 Chance St,,29273 Chance St,,Chance,,,St,M,Single Family,Residential,,Alameda County,,,,,,-122.057312429909,-122.056188880656,-122.058188880656,37.628032149574,37.6288930938,37.6268930938,
,3359,,,,PointAddress,,,,Hayward,United States,USA,-122.036502092162,37.65016360099,0,,,ENG,,,"3359 Daisy Ct, Hayward, CA, 94542, USA","3359 Daisy Ct, Hayward, California, 94542",,,,,"3359 Daisy Ct, Hayward, California, 94542",94542,2615,20,California,CA,-1,100,,3359 Daisy Ct,,3359 Daisy Ct,,Daisy,,,Ct,M,Single Family,Residential,,Alameda County,,,,,,-122.036506702209,-122.035502092162,-122.037502092162,37.650271895179,37.65116360099,37.64916360099,
,41770,,,,PointAddress,,,,Fremont,United States,USA,-121.963739209792,37.524945008347,0,,,ENG,,,"41770 Sherwood St, Fremont, CA, 94538, USA","41770 Sherwood St, Fremont, California, 94538",,,,,"41770 Sherwood St, Fremont, California, 94538",94538,5119,20,California,CA,-1,100,,41770 Sherwood St,,41770 Sherwood St,,Sherwood,,,St,M,Single Family,Residential,,Alameda County,,,,,,-121.96395060139,-121.962739209792,-121.964739209792,37.524912486563,37.525945008347,37.523945008347,
,610,,,,PointAddress,,,,Oakland,United States,USA,-122.266091472593,37.848837714572,0,,,ENG,,,"610 63rd St, Oakland, CA, 94609, USA","610 63rd St, Oakland, California, 94609",,,,,"610 63rd St, Oakland, California, 94609",94609,1218,20,California,CA,-1,100,,610 63rd St,,610 63rd St,,63rd,,,St,M,Single Family,Residential,,Alameda County,,,,,,-122.266076971901,-122.265091472593,-122.267091472593,37.84871844009,37.849837714572,37.847837714572,
,324,,,,PointAddress,,,,Livermore,United States,USA,-121.797946422267,37.676670405863,0,,,ENG,,,"324 Robert Way, Livermore, CA, 94550, USA","324 Robert Way, Livermore, California, 94550",,,,,"324 Robert Way, Livermore, California, 94550",94550,3916,20,California,CA,-1,100,,324 Robert Way,,324 Robert Way,,Robert,,,Way,M,Single Family,Residential,,Alameda County,,,,,,-121.797930412832,-121.796946422267,-121.798946422267,37.676495056449,37.677670405863,37.675670405863,
,6430,,,,PointAddress,,,,Castro Valley,United States,USA,-122.031616113163,37.707972916638,0,,,ENG,,,"6430 Ridgewood Dr, Castro Valley, CA, 94552, USA","6430 Ridgewood Dr, Castro Valley, California, 94552",,,,,"6430 Ridgewood Dr, Castro Valley, California, 94552",94552,5202,20,California,CA,-1,100,,6430 Ridgewood Dr,,6430 Ridgewood Dr,,Ridgewood,,,Dr,M,Single Family,Residential,,Alameda County,,,,,,-122.03143112456,-122.030616113163,-122.032616113163,37.707817180878,37.708972916638,37.706972916638,
,1344,,,,PointAddress,,,,Berkeley,United States,USA,-122.289539259993,37.879598125759,0,,,ENG,,,"1344 Northside Ave, Berkeley, CA, 94702, USA","1344 Northside Ave, Berkeley, California, 94702",,,,,"1344 Northside Ave, Berkeley, California, 94702",94702,1150,20,California,CA,-1,100,,1344 Northside Ave,,1344 Northside Ave,,Northside,,,Ave,M,Single Family,Residential,,Alameda County,,,,,,-122.289370448463,-122.288539259993,-122.290539259993,37.879532160181,37.880598125759,37.878598125759,
,32400,,,,PointAddress,,,,Union City,United States,USA,-122.055748450596,37.594166746174,0,,,ENG,,,"32400 Almaden Blvd, Union City, CA, 94587, USA","32400 Almaden Blvd, Union City, California, 94587",,,,,"32400 Almaden Blvd, Union City, California, 94587",94587,2928,20,California,CA,-1,100,,32400 Almaden Blvd,,32400 Almaden Blvd,,Almaden,,,Blvd,M,Single Family,Residential,,Alameda County,,,,,,-122.05551006927,-122.054748450596,-122.056748450596,37.594255259072,37.595166746174,37.593166746174,
,664,,,,PointAddress,,,,San Leandro,United States,USA,-122.152028019611,37.737534673762,0,,,ENG,,,"664 Victoria Ct, San Leandro, CA, 94577, USA","664 Victoria Ct, San Leandro, California, 94577",,,,,"664 Victoria Ct, San Leandro, California, 94577",94577,1902,20,California,CA,-1,100,,664 Victoria Ct,,664 Victoria Ct,,Victoria,,,Ct,M,Single Family,Residential,,Alameda County,,,,,,-122.151924670745,-122.151028019611,-122.153028019611,37.737312050414,37.738534673762,37.736534673762,
,1323,,,,PointAddress,,,,San Leandro,United States,USA,-122.122056764607,37.699181138398,0,,,ENG,,,"1323 159th Ave, San Leandro, CA, 94578, USA","1323 159th Ave, San Leandro, California, 94578",,,,,"1323 159th Ave, San Leandro, California, 94578",94578,5509,20,California,CA,-1,100,,1323 159th Ave,,1323 159th Ave,,159th,,,Ave,M,,,,Alameda County,,,,,,-122.121169456337,-122.121056764607,-122.123056764607,37.69916621861,37.700181138398,37.698181138398,
,1020,,,,PointAddress,,,,San Leandro,United States,USA,-122.145449901999,37.733811474281,0,,,ENG,,,"1020 Oakes Blvd, San Leandro, CA, 94577, USA","1020 Oakes Blvd, San Leandro, California, 94577",,,,,"1020 Oakes Blvd, San Leandro, California, 94577",94577,3042,20,California,CA,-1,100,,1020 Oakes Blvd,,1020 Oakes Blvd,,Oakes,,,Blvd,M,Single Family,Residential,,Alameda County,,,,,,-122.145443364114,-122.144449901999,-122.146449901999,37.733614080462,37.734811474281,37.732811474281,
,395,,,,PointAddress,,,,San Leandro,United States,USA,-122.153686043878,37.729858526834,0,,,ENG,,,"395 Haas Ave, San Leandro, CA, 94577, USA","395 Haas Ave, San Leandro, California, 94577",,,,,"395 Haas Ave, San Leandro, California, 94577",94577,3736,20,California,CA,-1,100,,395 Haas Ave,,395 Haas Ave,,Haas,,,Ave,M,Single Family,Residential,,Alameda County,,,,,,-122.15370490316,-122.152686043878,-122.154686043878,37.730034546801,37.730858526834,37.728858526834,
,1240,,,,PointAddress,,,,San Leandro,United States,USA,-122.138498538238,37.710163359395,0,,,ENG,,,"1240 143rd Ave, San Leandro, CA, 94578, USA","1240 143rd Ave, San Leandro, California, 94578",,,,,"1240 143rd Ave, San Leandro, California, 94578",94578,2736,20,California,CA,-1,100,,1240 143rd Ave,,1240 143rd Ave,,143rd,,,Ave,M,Multifamily,Residential,,Alameda County,,,,,,-122.138923333091,-122.137498538238,-122.139498538238,37.710639283858,37.711163359395,37.709163359395,
,50,,,,PointAddress,,,,Oakland,United States,USA,-122.22149019233,37.829153443607,0,,,ENG,,,"50 Lane Ct, Oakland, CA, 94611, USA","50 Lane Ct, Oakland, California, 94611",,,,,"50 Lane Ct, Oakland, California, 94611",94611,3129,20,California,CA,-1,100,,50 Lane Ct,,50 Lane Ct,,Lane,,,Ct,M,Single Family,Residential,,Alameda County,,,,,,-122.221587757683,-122.22049019233,-122.22249019233,37.828922689813,37.830153443607,37.828153443607,
,261,,,,PointAddress,,,,Fremont,United States,USA,-121.919691721871,37.475752331072,0,,,ENG,,,"261 Camphor Ave, Fremont, CA, 94539, USA","261 Camphor Ave, Fremont, California, 94539",,,,,"261 Camphor Ave, Fremont, California, 94539",94539,7502,20,California,CA,-1,100,,261 Camphor Ave,,261 Camphor Ave,,Camphor,,,Ave,M,Single Family,Residential,,Alameda County,,,,,,-121.919624415189,-121.918691721871,-121.920691721871,37.475561978051,37.476752331072,37.474752331072,
,493,,,,PointAddress,,,,Oakland,United States,USA,-122.255164069242,37.843930864634,0,,,ENG,,,"493 Forest St, Oakland, CA, 94618, USA","493 Forest St, Oakland, California, 94618",,,,,"493 Forest St, Oakland, California, 94618",94618,1207,20,California,CA,-1,100,,493 Forest St,,493 Forest St,,Forest,,,St,M,Single Family,Residential,,Alameda County,,,,,,-122.255075221069,-122.254164069242,-122.256164069242,37.844083750548,37.844930864634,37.842930864634,
,8030,,,,PointAddress,,,,Oakland,United States,USA,-122.166693500321,37.763087408507,0,,,ENG,,,"8030 Idlewood St, Oakland, CA, 94605, USA","8030 Idlewood St, Oakland, California, 94605",,,,,"8030 Idlewood St, Oakland, California, 94605",94605,3445,20,California,CA,-1,100,,8030 Idlewood St,,8030 Idlewood St,,Idlewood,,,St,M,Single Family,Residential,,Alameda County,,,,,,-122.166828197505,-122.165693500321,-122.167693500321,37.762987160945,37.764087408507,37.762087408507,
,3309,,,,PointAddress,,,,Oakland,United States,USA,-122.255743007295,37.818622252819,0,,,ENG,,,"3309 Harrison St, Oakland, CA, 94611, USA","3309 Harrison St, Oakland, California, 94611",,,,,"3309 Harrison St, Oakland, California, 94611",94611,5469,20,California,CA,-1,100,,3309 Harrison St,,3309 Harrison St,,Harrison,,,St,M,Multifamily,Residential,,Alameda County,,,,,,-122.2555642213,-122.254743007295,-122.256743007295,37.818475401876,37.819622252819,37.817622252819,
,493,,,,PointAddress,,,,Oakland,United States,USA,-122.255164069242,37.843930864634,0,,,ENG,,,"493 Forest St, Oakland, CA, 94618, USA","493 Forest St, Oakland, California, 94618",,,,,"493 Forest St, Oakland, California, 94618",94618,1207,20,California,CA,-1,100,,493 Forest St,,493 Forest St,,Forest,,,St,M,Single Family,Residential,,Alameda County,,,,,,-122.255075221069,-122.254164069242,-122.256164069242,37.844083750548,37.844930864634,37.842930864634,
,2383,,,,PointAddress,,,,Sunol,United States,USA,-121.91240801565,37.627041073342,0,,,ENG,,,"2383 Fern Trl, Sunol, CA, 94586, USA","2383 Fern Trl, Sunol, California, 94586",,,,,"2383 Fern Trl, Sunol, California, 94586",94586,9487,20,California,CA,-1,100,,2383 Fern Trl,,2383 Fern Trl,,Fern,,,Trl,M,Single Family,Residential,,Alameda County,,,,,,-121.912503485527,-121.91140801565,-121.91340801565,37.626964295109,37.628041073342,37.626041073342,
,18089,,,,PointAddress,,,,Castro Valley,United States,USA,-122.074223506299,37.713109682181,0,,,ENG,,,"18089 Redwood Rd, Castro Valley, CA, 94546, USA","18089 Redwood Rd, Castro Valley, California, 94546",,,,,"18089 Redwood Rd, Castro Valley, California, 94546",94546,1441,20,California,CA,-1,100,,18089 Redwood Rd,,18089 Redwood Rd,,Redwood,,,Rd,M,Single Family,Residential,,Alameda County,,,,,,-122.073913962615,-122.073223506299,-122.075223506299,37.713096271135,37.71410968218,37.712109682181,
,41247,,,,PointAddress,,,,Fremont,United States,USA,-121.948472495167,37.539537315042,0,,,ENG,,,"41247 Apricot Ln, Fremont, CA, 94539, USA","41247 Apricot Ln, Fremont, California, 94539",,,,,"41247 Apricot Ln, Fremont, California, 94539",94539,4501,20,California,CA,-1,100,,41247 Apricot Ln,,41247 Apricot Ln,,Apricot,,,Ln,M,Single Family,Residential,,Alameda County,,,,,,-121.948376690014,-121.947472495167,-121.949472495167,37.539699504869,37.540537315042,37.538537315042,
,2226,,,,PointAddress,,,,Berkeley,United States,USA,-122.272915096149,37.867782198762,0,,,ENG,,,"2226 Martin Luther King Jr Way, Berkeley, CA, 94704, USA","2226 Martin Luther King Jr Way, Berkeley, California, 94704",,,,,"2226 Martin Luther King Jr Way, Berkeley, California, 94704",94704,1411,20,California,CA,-1,100,,2226 Martin Luther King Jr Way,,2226 Martin Luther King Jr Way,,Martin Luther King Jr,,,Way,M,Single Family,Residential,,Alameda County,,,,,,-122.272628686518,-122.271915096149,-122.273915096149,37.867814720547,37.868782198762,37.866782198762,
,40337,,,,PointAddress,,,,Fremont,United States,USA,-121.970981844687,37.53691021704,0,,,ENG,,,"40337 Monte Ct, Fremont, CA, 94538, USA","40337 Monte Ct, Fremont, California, 94538",,,,,"40337 Monte Ct, Fremont, California, 94538",94538,2832,20,California,CA,-1,100,,40337 Monte Ct,,40337 Monte Ct,,Monte,,,Ct,M,Single Family,Residential,,Alameda County,,,,,,-121.970912023434,-121.969981844687,-121.971981844687,37.536980708845,37.53791021704,37.53591021704,
,2601,,,,PointAddress,,,,Berkeley,United States,USA,-122.247352135483,37.864904481855,0,,,ENG,,,"2601 Warring St, Berkeley, CA, 94720, USA","2601 Warring St, Berkeley, California, 94720",,,,,"2601 Warring St, Berkeley, California, 94720",94720,2289,20,California,CA,-1,98.3,,2601 Warring St,,2601 Warring St,,Warring,,,St,M,,,,Alameda County,,,,,,-122.250300302286,-122.246352135483,-122.248352135483,37.864613629815,37.865904481855,37.863904481855,
,2838,,,,PointAddress,,,,Union City,United States,USA,-122.070544521357,37.604465464877,0,,,ENG,,,"2838 Montair Way, Union City, CA, 94587, USA","2838 Montair Way, Union City, California, 94587",,,,,"2838 Montair Way, Union City, California, 94587",94587,1678,20,California,CA,-1,100,,2838 Montair Way,,2838 Montair Way,,Montair,,,Way,M,Single Family,Residential,,Alameda County,,,,,,-122.070647534947,-122.069544521357,-122.071544521357,37.604641065749,37.605465464877,37.603465464877,
,15246,,,,PointAddress,,,,San Leandro,United States,USA,-122.158424333743,37.686038481857,0,,,ENG,,,"15246 Laverne Dr, San Leandro, CA, 94579, USA","15246 Laverne Dr, San Leandro, California, 94579",,,,,"15246 Laverne Dr, San Leandro, California, 94579",94579,1925,20,California,CA,-1,100,,15246 Laverne Dr,,15246 Laverne Dr,,Laverne,,,Dr,M,Single Family,Residential,,Alameda County,,,,,,-122.158488120026,-122.157424333743,-122.159424333743,37.685848883207,37.687038481857,37.685038481857,
,5671,,,,PointAddress,,,,Oakland,United States,USA,-122.252961640364,37.845089159834,0,,,ENG,,,"5671 Miles Ave, Oakland, CA, 94618, USA","5671 Miles Ave, Oakland, California, 94618",,,,,"5671 Miles Ave, Oakland, California, 94618",94618,1293,20,California,CA,-1,100,,5671 Miles Ave,,5671 Miles Ave,,Miles,,,Ave,M,Single Family,Residential,,Alameda County,,,,,,-122.252887711978,-122.251961640364,-122.253961640364,37.844898639175,37.846089159834,37.844089159834,
,4774,,,,PointAddress,,,,Fremont,United States,USA,-121.993580461477,37.537475324952,0,,,ENG,,,"4774 Serra Ave, Fremont, CA, 94538, USA","4774 Serra Ave, Fremont, California, 94538",,,,,"4774 Serra Ave, Fremont, California, 94538",94538,1135,20,California,CA,-1,100,,4774 Serra Ave,,4774 Serra Ave,,Serra,,,Ave,M,Single Family,Residential,,Alameda County,,,,,,-121.993746004064,-121.992580461477,-121.994580461477,37.537607591384,37.538475324952,37.536475324952,
,1688,,,,PointAddress,,,,Livermore,United States,USA,-121.77964571015,37.689587337752,0,,,ENG,,,"1688 Pine St, Livermore, CA, 94551, USA","1688 Pine St, Livermore, California, 94551",,,,,"1688 Pine St, Livermore, California, 94551",94551,1936,20,California,CA,-1,98.3,,1688 Pine St,,1688 Pine St,,Pine,,,St,M,Single Family,Residential,,Alameda County,,,,,,-121.779586953008,-121.77864571015,-121.78064571015,37.689394134884,37.690587337752,37.688587337752,
,533,,,,PointAddress,,,,Piedmont,United States,USA,-122.241226137728,37.818566429344,0,,,ENG,,,"533 Boulevard Way, Piedmont, CA, 94610, USA","533 Boulevard Way, Piedmont, California, 94610",,,,,"533 Boulevard Way, Piedmont, California, 94610",94610,1524,20,California,CA,-1,100,,533 Boulevard Way,,533 Boulevard Way,,Boulevard,,,Way,M,Single Family,Residential,,Alameda County,,,,,,-122.241243236811,-122.240226137728,-122.242226137728,37.81873130138,37.819566429344,37.817566429344,
,533,,,,PointAddress,,,,Piedmont,United States,USA,-122.241226137728,37.818566429344,0,,,ENG,,,"533 Boulevard Way, Piedmont, CA, 94610, USA","533 Boulevard Way, Piedmont, California, 94610",,,,,"533 Boulevard Way, Piedmont, California, 94610",94610,1524,20,California,CA,-1,100,,533 Boulevard Way,,533 Boulevard Way,,Boulevard,,,Way,M,Single Family,Residential,,Alameda County,,,,,,-122.241243236811,-122.240226137728,-122.242226137728,37.81873130138,37.819566429344,37.817566429344,
,6315,,,,PointAddress,,,,Emeryville,United States,USA,-122.281485843603,37.84686327346,0,,,ENG,,,"6315 Idaho St, Emeryville, CA, 94608, USA","6315 Idaho St, Emeryville, California, 94608",,,,,"6315 Idaho St, Emeryville, California, 94608",94608,1227,20,California,CA,-1,100,,6315 Idaho St,,6315 Idaho St,,Idaho,,,St,M,Multifamily,Residential,,Alameda County,,,,,,-122.281249557753,-122.280485843603,-122.282485843603,37.846893867406,37.84786327346,37.84586327346,
,1688,,,,PointAddress,,,,Livermore,United States,USA,-121.77964571015,37.689587337752,0,,,ENG,,,"1688 Pine St, Livermore, CA, 94551, USA","1688 Pine St, Livermore, California, 94551",,,,,"1688 Pine St, Livermore, California, 94551",94551,1936,20,California,CA,-1,98.3,,1688 Pine St,,1688 Pine St,,Pine,,,St,M,Single Family,Residential,,Alameda County,,,,,,-121.779586953008,-121.77864571015,-121.78064571015,37.689394134884,37.690587337752,37.688587337752,
,306,,,,PointAddress,,,,Oakland,United States,USA,-122.256032937326,37.811724994244,0,,,ENG,,,"306 Lee St, Oakland, CA, 94610, USA","306 Lee St, Oakland, California, 94610",,,,,"306 Lee St, Oakland, California, 94610",94610,4372,20,California,CA,-1,100,,306 Lee St,,306 Lee St,,Lee,,,St,M,Multifamily,Residential,,Alameda County,,,,,,-122.256337703325,-122.255032937326,-122.257032937326,37.811692137183,37.812724994244,37.810724994244,
,349,,,,PointAddress,,,,Oakland,United States,USA,-122.258736604014,37.826123427519,0,,,ENG,,,"349 38th St, Oakland, CA, 94609, USA","349 38th St, Oakland, California, 94609",,,,,"349 38th St, Oakland, California, 94609",94609,2764,20,California,CA,-1,100,,349 38th St,,349 38th St,,38th,,,St,M,Multifamily,Residential,,Alameda County,,,,,,-122.258709446648,-122.257736604014,-122.259736604014,37.826344374486,37.827123427519,37.825123427519,
,37063,,,,PointAddress,,,,Fremont,United States,USA,-122.015356478288,37.552691119515,0,,,ENG,,,"37063 Shasta St, Fremont, CA, 94536, USA","37063 Shasta St, Fremont, California, 94536",,,,,"37063 Shasta St, Fremont, California, 94536",94536,5728,20,California,CA,-1,100,,37063 Shasta St,,37063 Shasta St,,Shasta,,,St,M,Single Family,Residential,,Alameda County,,,,,,-122.015269306495,-122.014356478288,-122.016356478288,37.552862697073,37.553691119515,37.551691119515,
,726,,,,PointAddress,,,,Albany,United States,USA,-122.293271386201,37.893784915979,0,,,ENG,,,"726 Key Route Blvd, Albany, CA, 94706, USA","726 Key Route Blvd, Albany, California, 94706",,,,,"726 Key Route Blvd, Albany, California, 94706",94706,1715,20,California,CA,-1,100,,726 Key Route Blvd,,726 Key Route Blvd,,Key Route,,,Blvd,M,Single Family,Residential,,Alameda County,,,,,,-122.293011966298,-122.292271386201,-122.294271386201,37.893772259305,37.894784915979,37.892784915979,
,2540,,,,PointAddress,,,,Alameda,United States,USA,-122.29265338848,37.785604385559,0,,,ENG,,,"2540 Barbers Point Rd, Alameda, CA, 94501, USA","2540 Barbers Point Rd, Alameda, California, 94501",,,,,"2540 Barbers Point Rd, Alameda, California, 94501",94501,7135,20,California,CA,-1,100,,2540 Barbers Point Rd,,2540 Barbers Point Rd,,Barbers Point,,,Rd,M,,,,Alameda County,,,,,,-122.292749277452,-122.29165338848,-122.29365338848,37.785777052765,37.786604385559,37.784604385559,
,1640,,,,PointAddress,,,,Fremont,United States,USA,-121.948356741084,37.542558194856,0,,,ENG,,,"1640 Pajaro Ct, Fremont, CA, 94539, USA","1640 Pajaro Ct, Fremont, California, 94539",,,,,"1640 Pajaro Ct, Fremont, California, 94539",94539,4430,20,California,CA,-1,100,,1640 Pajaro Ct,,1640 Pajaro Ct,,Pajaro,,,Ct,M,Single Family,Residential,,Alameda County,,,,,,-121.948452630056,-121.947356741084,-121.949356741084,37.542651736896,37.543558194856,37.541558194856,
,669,,,,PointAddress,,,,San Lorenzo,United States,USA,-122.127886462085,37.675573550014,0,,,ENG,,,"669 Via Manzanas, San Lorenzo, CA, 94580, USA","669 Via Manzanas, San Lorenzo, California, 94580",,,,,"669 Via Manzanas, San Lorenzo, California, 94580",94580,2933,20,California,CA,-1,100,,669 Via Manzanas,,669 Via Manzanas,,Manzanas,,Via,,M,Single Family,Residential,,Alameda County,,,,,,-122.127817479022,-122.126886462085,-122.128886462085,37.67541194692,37.676573550014,37.674573550014,
,420,,,,PointAddress,,,,San Leandro,United States,USA,-122.153834906478,37.731210695454,0,,,ENG,,,"420 Begier Ave, San Leandro, CA, 94577, USA","420 Begier Ave, San Leandro, California, 94577",,,,,"420 Begier Ave, San Leandro, California, 94577",94577,2818,20,California,CA,-1,100,,420 Begier Ave,,420 Begier Ave,,Begier,,,Ave,M,Single Family,Residential,,Alameda County,,,,,,-122.153796852638,-122.152834906478,-122.154834906478,37.730990419039,37.732210695454,37.730210695454,
,1640,,,,PointAddress,,,,Fremont,United States,USA,-121.948356741084,37.542558194856,0,,,ENG,,,"1640 Pajaro Ct, Fremont, CA, 94539, USA","1640 Pajaro Ct, Fremont, California, 94539",,,,,"1640 Pajaro Ct, Fremont, California, 94539",94539,4430,20,California,CA,-1,100,,1640 Pajaro Ct,,1640 Pajaro Ct,,Pajaro,,,Ct,M,Single Family,Residential,,Alameda County,,,,,,-121.948452630056,-121.947356741084,-121.949356741084,37.542651736896,37.543558194856,37.541558194856,
,2530,,,,PointAddress,,,,Berkeley,United States,USA,-122.256765096568,37.8641854822,0,,,ENG,,,"2530 Hillegass Ave, Berkeley, CA, 94704, USA","2530 Hillegass Ave, Berkeley, California, 94704",,,,,"2530 Hillegass Ave, Berkeley, California, 94704",94704,2953,20,California,CA,-1,100,,2530 Hillegass Ave,,2530 Hillegass Ave,,Hillegass,,,Ave,M,Multifamily,Residential,,Alameda County,,,,,,-122.256403165989,-122.255765096568,-122.257765096568,37.864218842175,37.8651854822,37.8631854822,
,33737,,,,PointAddress,,,,Fremont,United States,USA,-122.037797850574,37.586986430728,0,,,ENG,,,"33737 Welk Ter, Fremont, CA, 94555, USA","33737 Welk Ter, Fremont, California, 94555",,,,,"33737 Welk Ter, Fremont, California, 94555",94555,1473,20,California,CA,-1,100,,33737 Welk Ter,,33737 Welk Ter,,Welk,,,Ter,M,Single Family,Residential,,Alameda County,,,,,,-122.037802209164,-122.036797850574,-122.038797850574,37.586953070754,37.587986430728,37.585986430728,
,4352,,,,PointAddress,,,,Union City,United States,USA,-122.076617964579,37.59046802185,0,,,ENG,,,"4352 Victoria Ave, Union City, CA, 94587, USA","4352 Victoria Ave, Union City, California, 94587",,,,,"4352 Victoria Ave, Union City, California, 94587",94587,3867,20,California,CA,-1,100,,4352 Victoria Ave,,4352 Victoria Ave,,Victoria,,,Ave,M,Single Family,Residential,,Alameda County,,,,,,-122.076578401996,-122.075617964579,-122.077617964579,37.590285883094,37.59146802185,37.58946802185,
,1507,,,,PointAddress,,,,Oakland,United States,USA,-122.180659762668,37.75817267958,0,,,ENG,,,"1507 79th Ave, Oakland, CA, 94621, USA","1507 79th Ave, Oakland, California, 94621",,,,,"1507 79th Ave, Oakland, California, 94621",94621,2643,20,California,CA,-1,100,,1507 79th Ave,,1507 79th Ave,,79th,,,Ave,M,Single Family,Residential,,Alameda County,,,,,,-122.180576530369,-122.179659762668,-122.181659762668,37.758000012375,37.75917267958,37.75717267958,
,1792,,,,PointAddress,,,,San Leandro,United States,USA,-122.153263176863,37.720626363401,0,,,ENG,,,"1792 Washington Ave, San Leandro, CA, 94577, USA","1792 Washington Ave, San Leandro, California, 94577",,,,,"1792 Washington Ave, San Leandro, California, 94577",94577,4417,20,California,CA,-1,100,,1792 Washington Ave,,1792 Washington Ave,,Washington,,,Ave,M,Single Family,Residential,,Alameda County,,,,,,-122.153452859332,-122.152263176863,-122.154263176863,37.720493677873,37.721626363401,37.719626363401,
,22759,,,,PointAddress,,,,Hayward,United States,USA,-122.104674792897,37.662463750533,0,,,ENG,,,"22759 Fuller Ave, Hayward, CA, 94541, USA","22759 Fuller Ave, Hayward, California, 94541",,,,,"22759 Fuller Ave, Hayward, California, 94541",94541,7409,20,California,CA,-1,100,,22759 Fuller Ave,,22759 Fuller Ave,,Fuller,,,Ave,M,Single Family,Residential,,Alameda County,,,,,,-122.104500281673,-122.103674792897,-122.105674792897,37.662567937589,37.663463750533,37.661463750533,
,2289,,,,PointAddress,,,,Livermore,United States,USA,-121.779889623532,37.654513473462,0,,,ENG,,,"2289 Hampton Rd, Livermore, CA, 94550, USA","2289 Hampton Rd, Livermore, California, 94550",,,,,"2289 Hampton Rd, Livermore, California, 94550",94550,6511,20,California,CA,-1,100,,2289 Hampton Rd,,2289 Hampton Rd,,Hampton,,,Rd,M,Single Family,Residential,,Alameda County,,,,,,-121.779682506705,-121.778889623532,-121.780889623532,37.654507438491,37.655513473462,37.653513473462,
,37063,,,,PointAddress,,,,Fremont,United States,USA,-122.015356478288,37.552691119515,0,,,ENG,,,"37063 Shasta St, Fremont, CA, 94536, USA","37063 Shasta St, Fremont, California, 94536",,,,,"37063 Shasta St, Fremont, California, 94536",94536,5728,20,California,CA,-1,100,,37063 Shasta St,,37063 Shasta St,,Shasta,,,St,M,Single Family,Residential,,Alameda County,,,,,,-122.015269306495,-122.014356478288,-122.016356478288,37.552862697073,37.553691119515,37.551691119515,
,1440,,,,PointAddress,,,,San Lorenzo,United States,USA,-122.143801014006,37.67705852989,0,,,ENG,,,"1440 Via Barrett, San Lorenzo, CA, 94580, USA","1440 Via Barrett, San Lorenzo, California, 94580",,,,,"1440 Via Barrett, San Lorenzo, California, 94580",94580,1304,20,California,CA,-1,100,,1440 Via Barrett,,1440 Via Barrett,,Barrett,,Via,,M,Single Family,Residential,,Alameda County,,,,,,-122.143861196071,-122.142801014006,-122.144801014006,37.677179061657,37.67805852989,37.67605852989,
,1351,,,,PointAddress,,,,San Leandro,United States,USA,-122.166569951068,37.713565992989,0,,,ENG,,,"1351 Castro St, San Leandro, CA, 94577, USA","1351 Castro St, San Leandro, California, 94577",,,,,"1351 Castro St, San Leandro, California, 94577",94577,3305,20,California,CA,-1,100,,1351 Castro St,,1351 Castro St,,Castro,,,St,M,Single Family,Residential,,Alameda County,,,,,,-122.166642957445,-122.165569951068,-122.167569951068,37.713736397081,37.714565992989,37.712565992989,
,8481,,,,PointAddress,,,,Oakland,United States,USA,-122.185959891503,37.831948137764,0,,,ENG,,,"8481 Skyline Blvd, Oakland, CA, 94611, USA","8481 Skyline Blvd, Oakland, California, 94611",,,,,"8481 Skyline Blvd, Oakland, California, 94611",94611,1543,20,California,CA,-1,100,,8481 Skyline Blvd,,8481 Skyline Blvd,,Skyline,,,Blvd,M,Single Family,Residential,,Alameda County,,,,,,-122.185741040011,-122.184959891503,-122.186959891503,37.8319848505,37.832948137764,37.830948137764,
,202,,,,PointAddress,,,,Alameda,United States,USA,-122.24437873915,37.737597999041,0,,,ENG,,,"202 Ironwood Rd, Alameda, CA, 94502, USA","202 Ironwood Rd, Alameda, California, 94502",,,,,"202 Ironwood Rd, Alameda, California, 94502",94502,6611,20,California,CA,-1,100,,202 Ironwood Rd,,202 Ironwood Rd,,Ironwood,,,Rd,M,Single Family,Residential,,Alameda County,,,,,,-122.244502288403,-122.24337873915,-122.24537873915,37.737720877741,37.738597999041,37.736597999041,
,15962,,,,PointAddress,,,,San Leandro,United States,USA,-122.109598993375,37.70719017261,0,,,ENG,,,"15962 Gramercy Dr, San Leandro, CA, 94578, USA","15962 Gramercy Dr, San Leandro, California, 94578",,,,,"15962 Gramercy Dr, San Leandro, California, 94578",94578,1109,20,California,CA,-1,100,,15962 Gramercy Dr,,15962 Gramercy Dr,,Gramercy,,,Dr,M,Single Family,Residential,,Alameda County,,,,,,-122.109560101344,-122.108598993375,-122.110598993375,37.707284217564,37.70819017261,37.70619017261,
,4548,,,,PointAddress,,,,Union City,United States,USA,-122.080509766042,37.588129722321,0,,,ENG,,,"4548 Reyes Dr, Union City, CA, 94587, USA","4548 Reyes Dr, Union City, California, 94587",,,,,"4548 Reyes Dr, Union City, California, 94587",94587,3852,20,California,CA,-1,100,,4548 Reyes Dr,,4548 Reyes Dr,,Reyes,,,Dr,M,Single Family,Residential,,Alameda County,,,,,,-122.080505826548,-122.079509766042,-122.081509766042,37.588041377062,37.589129722321,37.587129722321,
,2545,,,,PointAddress,,,,Berkeley,United States,USA,-122.256048024751,37.863782857481,0,,,ENG,,,"2545 Hillegass Ave, Berkeley, CA, 94704, USA","2545 Hillegass Ave, Berkeley, California, 94704",,,,,"2545 Hillegass Ave, Berkeley, California, 94704",94704,2913,20,California,CA,-1,100,,2545 Hillegass Ave,,2545 Hillegass Ave,,Hillegass,,,Ave,M,Single Family,Residential,,Alameda County,,,,,,-122.256305684455,-122.255048024751,-122.257048024751,37.863759136695,37.864782857481,37.862782857481,
,15483,,,,PointAddress,,,,San Leandro,United States,USA,-122.159774323068,37.679357811659,0,,,ENG,,,"15483 Heron Dr, San Leandro, CA, 94579, USA","15483 Heron Dr, San Leandro, California, 94579",,,,,"15483 Heron Dr, San Leandro, California, 94579",94579,2747,20,California,CA,-1,100,,15483 Heron Dr,,15483 Heron Dr,,Heron,,,Dr,M,Single Family,Residential,,Alameda County,,,,,,-122.159746662788,-122.158774323068,-122.160774323068,37.679296875223,37.680357811659,37.678357811659,
,3824,,,,PointAddress,,,,Oakland,United States,USA,-122.212805534812,37.80317155542,0,,,ENG,,,"3824 Whittle Ave, Oakland, CA, 94602, USA","3824 Whittle Ave, Oakland, California, 94602",,,,,"3824 Whittle Ave, Oakland, California, 94602",94602,2432,20,California,CA,-1,100,,3824 Whittle Ave,,3824 Whittle Ave,,Whittle,,,Ave,M,Single Family,Residential,,Alameda County,,,,,,-122.212763709115,-122.211805534812,-122.213805534812,37.803321675306,37.80417155542,37.80217155542,
,489,,,,PointAddress,,,,Fremont,United States,USA,-121.988170278253,37.574160191032,0,,,ENG,,,"489 D St, Fremont, CA, 94536, USA","489 D St, Fremont, California, 94536",,,,,"489 D St, Fremont, California, 94536",94536,2809,20,California,CA,-1,100,,489 D St,,489 D St,,D,,,St,M,Single Family,Residential,,Alameda County,,,,,,-121.988181007089,-121.987170278253,-121.989170278253,37.57397335841,37.575160191032,37.573160191032,
,1625,,,,PointAddress,,,,Berkeley,United States,USA,-122.296956489932,37.873650201537,0,,,ENG,,,"1625 8th St, Berkeley, CA, 94710, USA","1625 8th St, Berkeley, California, 94710",,,,,"1625 8th St, Berkeley, California, 94710",94710,1812,20,California,CA,-1,100,,1625 8th St,,1625 8th St,,8th,,,St,M,Multifamily,Residential,,Alameda County,,,,,,-122.297151285362,-122.295956489932,-122.297956489932,37.873588846006,37.874650201537,37.872650201537,
,1020,,,,PointAddress,,,,Livermore,United States,USA,-121.756325914411,37.676885778865,0,,,ENG,,,"1020 Dolores St, Livermore, CA, 94550, USA","1020 Dolores St, Livermore, California, 94550",,,,,"1020 Dolores St, Livermore, California, 94550",94550,4749,20,California,CA,-1,100,,1020 Dolores St,,1020 Dolores St,,Dolores,,,St,M,Multifamily,Residential,,Alameda County,,,,,,-121.756969560756,-121.755325914411,-121.757325914411,37.676885778865,37.677885778865,37.675885778865,
,754,,,,PointAddress,,,,Livermore,United States,USA,-121.788562378748,37.66357900466,0,,,ENG,,,"754 Catalina Dr, Livermore, CA, 94550, USA","754 Catalina Dr, Livermore, California, 94550",,,,,"754 Catalina Dr, Livermore, California, 94550",94550,5827,20,California,CA,-1,100,,754 Catalina Dr,,754 Catalina Dr,,Catalina,,,Dr,M,Single Family,Residential,,Alameda County,,,,,,-121.788624321012,-121.787562378748,-121.789562378748,37.663376581698,37.66457900466,37.66257900466,
,2445,,,,PointAddress,,,,Oakland,United States,USA,-122.187230168929,37.767090395916,0,,,ENG,,,"2445 66th Ave, Oakland, CA, 94605, USA","2445 66th Ave, Oakland, California, 94605",,,,,"2445 66th Ave, Oakland, California, 94605",94605,1916,20,California,CA,-1,100,,2445 66th Ave,,2445 66th Ave,,66th,,,Ave,M,Single Family,Residential,,Alameda County,,,,,,-122.187118773436,-122.186230168929,-122.188230168929,37.766914711225,37.768090395916,37.766090395916,
,3400,,,,PointAddress,,,,Berkeley,United States,USA,-122.242668244169,37.868301457664,0,,,ENG,,,"3400 Dwight Way, Berkeley, CA, 94704, USA","3400 Dwight Way, Berkeley, California, 94704",,,,,"3400 Dwight Way, Berkeley, California, 94704",94704,2525,20,California,CA,-1,100,,3400 Dwight Way,,3400 Dwight Way,,Dwight,,,Way,M,Single Family,Residential,,Alameda County,,,,,,-122.243101420925,-122.241668244169,-122.243668244169,37.868175896755,37.869301457664,37.867301457664,
,103,,,,PointAddress,,,,Piedmont,United States,USA,-122.24794364639,37.823023967362,0,,,ENG,,,"103 Sunnyside Ave, Piedmont, CA, 94611, USA","103 Sunnyside Ave, Piedmont, California, 94611",,,,,"103 Sunnyside Ave, Piedmont, California, 94611",94611,4419,20,California,CA,-1,100,,103 Sunnyside Ave,,103 Sunnyside Ave,,Sunnyside,,,Ave,M,Single Family,Residential,,Alameda County,,,,,,-122.247838621143,-122.24694364639,-122.24894364639,37.823172410868,37.824023967362,37.822023967362,
,16044,,,,PointAddress,,,,San Lorenzo,United States,USA,-122.122436883916,37.680982182585,0,,,ENG,,,"16044 Via Arroyo, San Lorenzo, CA, 94580, USA","16044 Via Arroyo, San Lorenzo, California, 94580",,,,,"16044 Via Arroyo, San Lorenzo, California, 94580",94580,2504,20,California,CA,-1,100,,16044 Via Arroyo,,16044 Via Arroyo,,Arroyo,,Via,,M,Single Family,Residential,,Alameda County,,,,,,-122.122551967447,-122.121436883916,-122.123436883916,37.68082250733,37.681982182585,37.679982182585,
,1221,,,,PointAddress,,,,Emeryville,United States,USA,-122.281572261025,37.830393294725,0,,,ENG,,,"1221 40th St, Emeryville, CA, 94608, USA","1221 40th St, Emeryville, California, 94608",,,,,"1221 40th St, Emeryville, California, 94608",94608,3665,20,California,CA,-1,100,,1221 40th St,,1221 40th St,,40th,,,St,M,Multifamily,Residential,,Alameda County,,,,,,-122.281609979589,-122.280572261025,-122.282572261025,37.830579456794,37.831393294725,37.829393294725,
,1951,,,,PointAddress,,,,Oakland,United States,USA,-122.21202660455,37.776669821598,0,,,ENG,,,"1951 42nd Ave, Oakland, CA, 94601, USA","1951 42nd Ave, Oakland, California, 94601",,,,,"1951 42nd Ave, Oakland, California, 94601",94601,4208,20,California,CA,-1,100,,1951 42nd Ave,,1951 42nd Ave,,42nd,,,Ave,M,Single Family,Residential,,Alameda County,,,,,,-122.211970110523,-122.21102660455,-122.21302660455,37.776488353394,37.777669821598,37.775669821598,
,3437,,,,PointAddress,,,,Alameda,United States,USA,-122.239504913911,37.729942094409,0,,,ENG,,,"3437 Tonga Ln, Alameda, CA, 94502, USA","3437 Tonga Ln, Alameda, California, 94502",,,,,"3437 Tonga Ln, Alameda, California, 94502",94502,7050,20,California,CA,-1,100,,3437 Tonga Ln,,3437 Tonga Ln,,Tonga,,,Ln,M,Single Family,Residential,,Alameda County,,,,,,-122.239549002722,-122.238504913911,-122.240504913911,37.729880822697,37.730942094409,37.728942094409,
,25164,,,,PointAddress,,,,Hayward,United States,USA,-122.101934748749,37.644723955376,0,,,ENG,,,"25164 Copa del Oro Dr, Hayward, CA, 94545, USA","25164 Copa del Oro Dr, Hayward, California, 94545",,,,,"25164 Copa del Oro Dr, Hayward, California, 94545",94545,2724,20,California,CA,-1,100,,25164 Copa del Oro Dr,,25164 Copa del Oro Dr,,Copa del Oro,,,Dr,M,Multifamily,Residential,,Alameda County,,,,,,-122.101905915002,-122.100934748749,-122.102934748749,37.644663186578,37.645723955376,37.643723955376,
,551,,,,PointAddress,,,,Oakland,United States,USA,-122.241826030538,37.813219319942,0,,,ENG,,,"551 Prince St, Oakland, CA, 94610, USA","551 Prince St, Oakland, California, 94610",,,,,"551 Prince St, Oakland, California, 94610",94610,1658,20,California,CA,-1,100,,551 Prince St,,551 Prince St,,Prince,,,St,M,Multifamily,Residential,,Alameda County,,,,,,-122.241756041647,-122.240826030538,-122.242826030538,37.81329911566,37.814219319942,37.812219319942,
,2639,,,,PointAddress,,,,Hayward,United States,USA,-122.10532900044,37.63203626854,0,,,ENG,,,"2639 Sleepy Hollow Ave, Hayward, CA, 94545, USA","2639 Sleepy Hollow Ave, Hayward, California, 94545",,,,,"2639 Sleepy Hollow Ave, Hayward, California, 94545",94545,3339,20,California,CA,-1,100,,2639 Sleepy Hollow Ave,,2639 Sleepy Hollow Ave,,Sleepy Hollow,,,Ave,M,Single Family,Residential,,Alameda County,,,,,,-122.105261274662,-122.10432900044,-122.10632900044,37.631875168361,37.63303626854,37.63103626854,
,17015,,,,PointAddress,,,,San Lorenzo,United States,USA,-122.129826537394,37.674018706975,0,,,ENG,,,"17015 Via Pasatiempo, San Lorenzo, CA, 94580, USA","17015 Via Pasatiempo, San Lorenzo, California, 94580",,,,,"17015 Via Pasatiempo, San Lorenzo, California, 94580",94580,2839,20,California,CA,-1,100,,17015 Via Pasatiempo,,17015 Via Pasatiempo,,Pasatiempo,,Via,,M,Single Family,Residential,,Alameda County,,,,,,-122.1296459912,-122.128826537394,-122.130826537394,37.674123648402,37.675018706975,37.673018706975,
,867,,,,PointAddress,,,,Oakland,United States,USA,-122.298804615763,37.807851088144,0,,,ENG,,,"867 Campbell St, Oakland, CA, 94607, USA","867 Campbell St, Oakland, California, 94607",,,,,"867 Campbell St, Oakland, California, 94607",94607,1317,20,California,CA,-1,100,,867 Campbell St,,867 Campbell St,,Campbell,,,St,M,,,,Alameda County,,,,,,-122.29866723637,-122.297804615763,-122.299804615763,37.807743799783,37.808851088144,37.806851088144,
,2027,,,,PointAddress,,,,Livermore,United States,USA,-121.72142182557,37.723630018404,0,,,ENG,,,"2027 Mulberry Cmn, Livermore, CA, 94551, USA","2027 Mulberry Cmn, Livermore, California, 94551",,,,,"2027 Mulberry Cmn, Livermore, California, 94551",94551,9043,20,California,CA,-1,98.02,,2027 Mulberry Cmn,,2027 Mulberry Cmn,,Mulberry,,,Cmn,M,Single Family,Residential,,Alameda County,,,,,,-121.72157588495,-121.72042182557,-121.72242182557,37.723496494686,37.724630018404,37.722630018404,
,3047,,,,PointAddress,,,,Oakland,United States,USA,-122.201370523405,37.786396684957,0,,,ENG,,,"3047 Eastman Ave, Oakland, CA, 94619, USA","3047 Eastman Ave, Oakland, California, 94619",,,,,"3047 Eastman Ave, Oakland, California, 94619",94619,1803,20,California,CA,-1,100,,3047 Eastman Ave,,3047 Eastman Ave,,Eastman,,,Ave,M,Single Family,Residential,,Alameda County,,,,,,-122.20125753535,-122.200370523405,-122.202370523405,37.786231477645,37.787396684957,37.785396684957,
,2727,,,,PointAddress,,,,Oakland,United States,USA,-122.196119177247,37.777542461538,0,,,ENG,,,"2727 Kingsland Ave, Oakland, CA, 94619, USA","2727 Kingsland Ave, Oakland, California, 94619",,,,,"2727 Kingsland Ave, Oakland, California, 94619",94619,3221,20,California,CA,-1,100,,2727 Kingsland Ave,,2727 Kingsland Ave,,Kingsland,,,Ave,M,Single Family,Residential,,Alameda County,,,,,,-122.195881801749,-122.195119177247,-122.197119177247,37.777474651941,37.778542461538,37.776542461538,
,6153,,,,PointAddress,,,,Newark,United States,USA,-122.033271958136,37.536042061418,0,,,ENG,,,"6153 Thornton Ave, Newark, CA, 94560, USA","6153 Thornton Ave, Newark, California, 94560",,,,,"6153 Thornton Ave, Newark, California, 94560",94560,3754,20,California,CA,-1,100,,6153 Thornton Ave,,6153 Thornton Ave,,Thornton,,,Ave,M,Multifamily,Residential,,Alameda County,,,,,,-122.032168815859,-122.032271958136,-122.034271958136,37.535146119788,37.537042061418,37.535042061418,
,20359,,,,PointAddress,,,,Castro Valley,United States,USA,-122.083514845969,37.697008800552,0,,,ENG,,,"20359 Anita Ave, Castro Valley, CA, 94546, USA","20359 Anita Ave, Castro Valley, California, 94546",,,,,"20359 Anita Ave, Castro Valley, California, 94546",94546,4166,20,California,CA,-1,100,,20359 Anita Ave,,20359 Anita Ave,,Anita,,,Ave,M,Multifamily,Residential,,Alameda County,,,,,,-122.083268585654,-122.082514845969,-122.084514845969,37.69704358545,37.698008800552,37.696008800552,
,921,,,,PointAddress,,,,San Leandro,United States,USA,-122.172369473694,37.723415274044,0,,,ENG,,,"921 Douglas Dr, San Leandro, CA, 94577, USA","921 Douglas Dr, San Leandro, California, 94577",,,,,"921 Douglas Dr, San Leandro, California, 94577",94577,1483,20,California,CA,-1,100,,921 Douglas Dr,,921 Douglas Dr,,Douglas,,,Dr,M,Single Family,Residential,,Alameda County,,,,,,-122.172174762083,-122.171369473694,-122.173369473694,37.723486855497,37.724415274044,37.722415274044,
,4357,,,,PointAddress,,,,Oakland,United States,USA,-122.189888908616,37.788716544299,0,,,ENG,,,"4357 Albert St, Oakland, CA, 94619, USA","4357 Albert St, Oakland, California, 94619",,,,,"4357 Albert St, Oakland, California, 94619",94619,2718,20,California,CA,-1,100,,4357 Albert St,,4357 Albert St,,Albert,,,St,M,Single Family,Residential,,Alameda County,,,,,,-122.18973015537,-122.188888908616,-122.190888908616,37.788879739954,37.789716544299,37.787716544299,
,10506,,,,PointAddress,,,,Oakland,United States,USA,-122.153642877077,37.743147405676,0,,,ENG,,,"10506 Byron Ave, Oakland, CA, 94603, USA","10506 Byron Ave, Oakland, California, 94603",,,,,"10506 Byron Ave, Oakland, California, 94603",94603,3424,20,California,CA,-1,100,,10506 Byron Ave,,10506 Byron Ave,,Byron,,,Ave,M,Single Family,Residential,,Alameda County,,,,,,-122.153799534847,-122.152642877077,-122.154642877077,37.743044475905,37.744147405676,37.742147405676,
,2044,,,,PointAddress,,,,Fremont,United States,USA,-121.942520924817,37.536784027487,0,,,ENG,,,"2044 Mento Dr, Fremont, CA, 94539, USA","2044 Mento Dr, Fremont, California, 94539",,,,,"2044 Mento Dr, Fremont, California, 94539",94539,4625,20,California,CA,-1,100,,2044 Mento Dr,,2044 Mento Dr,,Mento,,,Dr,M,Single Family,Residential,,Alameda County,,,,,,-121.942486391376,-121.941520924817,-121.943520924817,37.536962394387,37.537784027487,37.535784027487,
,4714,,,,PointAddress,,,,Oakland,United States,USA,-122.216921216909,37.811441476369,0,,,ENG,,,"4714 Edgewood Ave, Oakland, CA, 94602, USA","4714 Edgewood Ave, Oakland, California, 94602",,,,,"4714 Edgewood Ave, Oakland, California, 94602",94602,1406,20,California,CA,-1,100,,4714 Edgewood Ave,,4714 Edgewood Ave,,Edgewood,,,Ave,M,Single Family,Residential,,Alameda County,,,,,,-122.216982237164,-122.215921216909,-122.217921216909,37.811557901004,37.812441476369,37.810441476369,
,885,,,,PointAddress,,,,Pleasanton,United States,USA,-121.868598406142,37.669586943309,0,,,ENG,,,"885 Kolln St, Pleasanton, CA, 94566, USA","885 Kolln St, Pleasanton, California, 94566",,,,,"885 Kolln St, Pleasanton, California, 94566",94566,6213,20,California,CA,-1,100,,885 Kolln St,,885 Kolln St,,Kolln,,,St,M,Single Family,Residential,,Alameda County,,,,,,-121.868848941228,-121.867598406142,-121.869598406142,37.669586021299,37.670586943309,37.668586943309,
,35298,,,,PointAddress,,,,Newark,United States,USA,-122.037307844515,37.560021848213,0,,,ENG,,,"35298 Farnham Dr, Newark, CA, 94560, USA","35298 Farnham Dr, Newark, California, 94560",,,,,"35298 Farnham Dr, Newark, California, 94560",94560,1453,20,California,CA,-1,100,,35298 Farnham Dr,,35298 Farnham Dr,,Farnham,,,Dr,M,Single Family,Residential,,Alameda County,,,,,,-122.037345060165,-122.036307844515,-122.038307844515,37.559820766356,37.561021848213,37.559021848213,
,1034,,,,PointAddress,,,,Emeryville,United States,USA,-122.277987488675,37.827201424086,0,,,ENG,,,"1034 36th St, Emeryville, CA, 94608, USA","1034 36th St, Emeryville, California, 94608",,,,,"1034 36th St, Emeryville, California, 94608",94608,3900,20,California,CA,-1,100,,1034 36th St,,1034 36th St,,36th,,,St,M,Single Family,Residential,,Alameda County,,,,,,-122.278026967439,-122.276987488675,-122.278987488675,37.827030349442,37.828201424086,37.826201424086,
,2445,,,,PointAddress,,,,Berkeley,United States,USA,-122.25636410632,37.853641257553,0,,,ENG,,,"2445 Woolsey St, Berkeley, CA, 94705, USA","2445 Woolsey St, Berkeley, California, 94705",,,,,"2445 Woolsey St, Berkeley, California, 94705",94705,2007,20,California,CA,-1,100,,2445 Woolsey St,,2445 Woolsey St,,Woolsey,,,St,M,Multifamily,Residential,,Alameda County,,,,,,-122.25633812242,-122.25536410632,-122.25736410632,37.853469009443,37.854641257553,37.852641257553,
,35072,,,,PointAddress,,,,Newark,United States,USA,-122.044167510254,37.555251497568,0,,,ENG,,,"35072 Donegal Ct, Newark, CA, 94560, USA","35072 Donegal Ct, Newark, California, 94560",,,,,"35072 Donegal Ct, Newark, California, 94560",94560,1334,20,California,CA,-1,100,,35072 Donegal Ct,,35072 Donegal Ct,,Donegal,,,Ct,M,Single Family,Residential,,Alameda County,,,,,,-122.044226854129,-122.043167510254,-122.045167510254,37.555076231973,37.556251497568,37.554251497568,
,345,,,,PointAddress,,,,Oakland,United States,USA,-122.251591869747,37.813217434014,0,,,ENG,,,"345 Macarthur Blvd, Oakland, CA, 94610, USA","345 Macarthur Blvd, Oakland, California, 94610",,,,,"345 Macarthur Blvd, Oakland, California, 94610",94610,3275,20,California,CA,-1,100,,345 Macarthur Blvd,,345 Macarthur Blvd,,Macarthur,,,Blvd,M,Multifamily,Residential,,Alameda County,,,,,,-122.25114930526,-122.250591869747,-122.252591869747,37.813339642162,37.814217434014,37.812217434014,
,40777,,,,PointAddress,,,,Fremont,United States,USA,-121.960185534302,37.537585505069,0,,,ENG,,,"40777 High St, Fremont, CA, 94538, USA","40777 High St, Fremont, California, 94538",,,,,"40777 High St, Fremont, California, 94538",94538,3733,20,California,CA,-1,100,,40777 High St,,40777 High St,,High,,,St,M,Multifamily,Residential,,Alameda County,,,,,,-121.96006106304,-121.959185534302,-121.961185534302,37.537738139526,37.538585505069,37.536585505069,
,425,,,,PointAddress,,,,Oakland,United States,USA,-122.24856256612,37.803349628953,0,,,ENG,,,"425 Hanover Ave, Oakland, CA, 94606, USA","425 Hanover Ave, Oakland, California, 94606",,,,,"425 Hanover Ave, Oakland, California, 94606",94606,1115,20,California,CA,-1,100,,425 Hanover Ave,,425 Hanover Ave,,Hanover,,,Ave,M,Single Family,Residential,,Alameda County,,,,,,-122.248530211974,-122.24756256612,-122.24956256612,37.803227085529,37.804349628953,37.802349628953,
,40579,,,,PointAddress,,,,Fremont,United States,USA,-121.975785010483,37.526434849727,0,,,ENG,,,"40579 Sundale Dr, Fremont, CA, 94538, USA","40579 Sundale Dr, Fremont, California, 94538",,,,,"40579 Sundale Dr, Fremont, California, 94538",94538,3315,20,California,CA,-1,100,,40579 Sundale Dr,,40579 Sundale Dr,,Sundale,,,Dr,M,Single Family,Residential,,Alameda County,,,,,,-121.975715943601,-121.974785010483,-121.976785010483,37.526603493619,37.527434849727,37.525434849727,
,6464,,,,PointAddress,,,,Piedmont,United States,USA,-122.213331080141,37.824377477087,0,,,ENG,,,"6464 Estates Dr, Piedmont, CA, 94611, USA","6464 Estates Dr, Piedmont, California, 94611",,,,,"6464 Estates Dr, Piedmont, California, 94611",94611,3208,20,California,CA,-1,100,,6464 Estates Dr,,6464 Estates Dr,,Estates,,,Dr,M,Single Family,Residential,,Alameda County,,,,,,-122.213526713761,-122.212331080141,-122.214331080141,37.824277397163,37.825377477087,37.823377477087,
,1108,,,,PointAddress,,,,Berkeley,United States,USA,-122.277566130402,37.886969213321,0,,,ENG,,,"1108 Fresno Ave, Berkeley, CA, 94707, USA","1108 Fresno Ave, Berkeley, California, 94707",,,,,"1108 Fresno Ave, Berkeley, California, 94707",94707,2520,20,California,CA,-1,100,,1108 Fresno Ave,,1108 Fresno Ave,,Fresno,,,Ave,M,Single Family,Residential,,Alameda County,,,,,,-122.277284582275,-122.276566130402,-122.278566130402,37.887026713177,37.887969213321,37.885969213321,
,16745,,,,PointAddress,,,,San Leandro,United States,USA,-122.098232797393,37.699197566928,0,,,ENG,,,"16745 Selby Dr, San Leandro, CA, 94578, USA","16745 Selby Dr, San Leandro, California, 94578",,,,,"16745 Selby Dr, San Leandro, California, 94578",94578,1237,20,California,CA,-1,100,,16745 Selby Dr,,16745 Selby Dr,,Selby,,,Dr,M,Single Family,Residential,,Alameda County,,,,,,-122.098075133794,-122.097232797393,-122.099232797393,37.699288762034,37.700197566928,37.698197566928,
,16981,,,,PointAddress,,,,Hayward,United States,USA,-122.115661456304,37.685009603242,0,,,ENG,,,"16981 Harvard Ave, Hayward, CA, 94541, USA","16981 Harvard Ave, Hayward, California, 94541",,,,,"16981 Harvard Ave, Hayward, California, 94541",94541,1350,20,California,CA,-1,100,,16981 Harvard Ave,,16981 Harvard Ave,,Harvard,,,Ave,M,Multifamily,Residential,,Alameda County,,,,,,-122.115179161595,-122.114661456304,-122.116661456304,37.685061654861,37.686009603242,37.684009603242,
,17015,,,,PointAddress,,,,San Lorenzo,United States,USA,-122.129826537394,37.674018706975,0,,,ENG,,,"17015 Via Pasatiempo, San Lorenzo, CA, 94580, USA","17015 Via Pasatiempo, San Lorenzo, California, 94580",,,,,"17015 Via Pasatiempo, San Lorenzo, California, 94580",94580,2839,20,California,CA,-1,100,,17015 Via Pasatiempo,,17015 Via Pasatiempo,,Pasatiempo,,Via,,M,Single Family,Residential,,Alameda County,,,,,,-122.1296459912,-122.128826537394,-122.130826537394,37.674123648402,37.675018706975,37.673018706975,
,18652,,,,PointAddress,,,,Castro Valley,United States,USA,-122.105928809431,37.707995463958,0,,,ENG,,,"18652 Crest Ave, Castro Valley, CA, 94546, USA","18652 Crest Ave, Castro Valley, California, 94546",,,,,"18652 Crest Ave, Castro Valley, California, 94546",94546,2730,20,California,CA,-1,100,,18652 Crest Ave,,18652 Crest Ave,,Crest,,,Ave,M,Single Family,Residential,,Alameda County,,,,,,-122.106073397261,-122.104928809431,-122.106928809431,37.707893623834,37.708995463958,37.706995463958,
,8362,,,,PointAddress,,,,Pleasanton,United States,USA,-121.909183748955,37.6581875969,0,,,ENG,,,"8362 Regency Dr, Pleasanton, CA, 94588, USA","8362 Regency Dr, Pleasanton, California, 94588",,,,,"8362 Regency Dr, Pleasanton, California, 94588",94588,3127,20,California,CA,-1,100,,8362 Regency Dr,,8362 Regency Dr,,Regency,,,Dr,M,Single Family,Residential,,Alameda County,,,,,,-121.909263125579,-121.908183748955,-121.910183748955,37.658420362351,37.6591875969,37.6571875969,
,41867,,,,PointAddress,,,,Fremont,United States,USA,-121.961341147293,37.52456304502,0,,,ENG,,,"41867 Mahoney St, Fremont, CA, 94538, USA","41867 Mahoney St, Fremont, California, 94538",,,,,"41867 Mahoney St, Fremont, California, 94538",94538,4889,20,California,CA,-1,100,,41867 Mahoney St,,41867 Mahoney St,,Mahoney,,,St,M,Single Family,Residential,,Alameda County,,,,,,-121.961148279701,-121.960341147293,-121.962341147293,37.524692964519,37.52556304502,37.52356304502,
,2745,,,,PointAddress,,,,Hayward,United States,USA,-122.051189030544,37.668267883206,0,,,ENG,,,"2745 Colony View Pl, Hayward, CA, 94541, USA","2745 Colony View Pl, Hayward, California, 94541",,,,,"2745 Colony View Pl, Hayward, California, 94541",94541,5656,20,California,CA,-1,100,,2745 Colony View Pl,,2745 Colony View Pl,,Colony View,,,Pl,M,Single Family,Residential,,Alameda County,,,,,,-122.05126036054,-122.050189030544,-122.052189030544,37.668610451589,37.669267883206,37.667267883206,
,715,,,,PointAddress,,,,Berkeley,United States,USA,-122.275295975746,37.897278074127,0,,,ENG,,,"715 Arlington Ave, Berkeley, CA, 94707, USA","715 Arlington Ave, Berkeley, California, 94707",,,,,"715 Arlington Ave, Berkeley, California, 94707",94707,1633,20,California,CA,-1,100,,715 Arlington Ave,,715 Arlington Ave,,Arlington,,,Ave,M,Single Family,Residential,,Alameda County,,,,,,-122.275697720365,-122.274295975746,-122.276295975746,37.897155614522,37.898278074127,37.896278074127,
,1234,,,,PointAddress,,,,Livermore,United States,USA,-121.744633830034,37.676356755046,0,,,ENG,,,"1234 De Paul Way, Livermore, CA, 94550, USA","1234 De Paul Way, Livermore, California, 94550",,,,,"1234 De Paul Way, Livermore, California, 94550",94550,4909,20,California,CA,-1,100,,1234 De Paul Way,,1234 De Paul Way,,De Paul,,,Way,M,Single Family,Residential,,Alameda County,,,,,,-121.744852010973,-121.743633830034,-121.745633830034,37.676361700369,37.677356755046,37.675356755046,
,395,,,,PointAddress,,,,Oakland,United States,USA,-122.252925262904,37.81322556446,0,,,ENG,,,"395 Palm Ave, Oakland, CA, 94610, USA","395 Palm Ave, Oakland, California, 94610",,,,,"395 Palm Ave, Oakland, California, 94610",94610,3362,20,California,CA,-1,100,,395 Palm Ave,,395 Palm Ave,,Palm,,,Ave,M,Multifamily,Residential,,Alameda County,,,,,,-122.252782854369,-122.251925262904,-122.253925262904,37.812976119021,37.81422556446,37.81222556446,
,21473,,,,PointAddress,,,,Castro Valley,United States,USA,-122.089252091054,37.685261898528,0,,,ENG,,,"21473 Gary Dr, Castro Valley, CA, 94546, USA","21473 Gary Dr, Castro Valley, California, 94546",,,,,"21473 Gary Dr, Castro Valley, California, 94546",94546,6813,20,California,CA,-1,100,,21473 Gary Dr,,21473 Gary Dr,,Gary,,,Dr,M,Single Family,Residential,,Alameda County,,,,,,-122.089187634219,-122.088252091054,-122.090252091054,37.685386285971,37.686261898528,37.684261898528,
,2057,,,,PointAddress,,,,Oakland,United States,USA,-122.168914369386,37.756771518736,0,,,ENG,,,"2057 86th Ave, Oakland, CA, 94621, USA","2057 86th Ave, Oakland, California, 94621",,,,,"2057 86th Ave, Oakland, California, 94621",94621,1560,20,California,CA,-1,100,,2057 86th Ave,,2057 86th Ave,,86th,,,Ave,M,Multifamily,Residential,,Alameda County,,,,,,-122.168836752963,-122.167914369386,-122.169914369386,37.756603293939,37.757771518736,37.755771518736,
,2188,,,,PointAddress,,,,Oakland,United States,USA,-122.210661276342,37.780796609717,0,,,ENG,,,"2188 40th Ave, Oakland, CA, 94601, USA","2188 40th Ave, Oakland, California, 94601",,,,,"2188 40th Ave, Oakland, California, 94601",94601,4304,20,California,CA,-1,100,,2188 40th Ave,,2188 40th Ave,,40th,,,Ave,M,Single Family,Residential,,Alameda County,,,,,,-122.210765211941,-122.209661276342,-122.211661276342,37.780939688804,37.781796609717,37.779796609717,
,2188,,,,PointAddress,,,,Oakland,United States,USA,-122.210661276342,37.780796609717,0,,,ENG,,,"2188 40th Ave, Oakland, CA, 94601, USA","2188 40th Ave, Oakland, California, 94601",,,,,"2188 40th Ave, Oakland, California, 94601",94601,4304,20,California,CA,-1,100,,2188 40th Ave,,2188 40th Ave,,40th,,,Ave,M,Single Family,Residential,,Alameda County,,,,,,-122.210765211941,-122.209661276342,-122.211661276342,37.780939688804,37.781796609717,37.779796609717,
,4549,,,,PointAddress,,,,Union City,United States,USA,-122.071505758013,37.58019327539,0,,,ENG,,,"4549 Ellen Way, Union City, CA, 94587, USA","4549 Ellen Way, Union City, California, 94587",,,,,"4549 Ellen Way, Union City, California, 94587",94587,4839,20,California,CA,-1,100,,4549 Ellen Way,,4549 Ellen Way,,Ellen,,,Way,M,Single Family,Residential,,Alameda County,,,,,,-122.071314482983,-122.070505758013,-122.072505758013,37.580023877127,37.58119327539,37.57919327539,
,1930,,,,PointAddress,,,,Oakland,United States,USA,-122.233128213432,37.793544730075,0,,,ENG,,,"1930 E 24th St, Oakland, CA, 94606, USA","1930 E 24th St, Oakland, California, 94606",,,,,"1930 E 24th St, Oakland, California, 94606",94606,4139,20,California,CA,-1,100,,1930 E 24th St,,1930 E 24th St,,24th,E,,St,M,Multifamily,Residential,,Alameda County,,,,,,-122.233266095739,-122.232128213432,-122.234128213432,37.793314982109,37.794544730075,37.792544730075,
,36504,,,,PointAddress,,,,Fremont,United States,USA,-122.016521814287,37.561713232455,0,,,ENG,,,"36504 Oak St, Fremont, CA, 94536, USA","36504 Oak St, Fremont, California, 94536",,,,,"36504 Oak St, Fremont, California, 94536",94536,4813,20,California,CA,-1,100,,36504 Oak St,,36504 Oak St,,Oak,,,St,M,Single Family,Residential,,Alameda County,,,,,,-122.016608064071,-122.015521814287,-122.017521814287,37.561539727059,37.562713232455,37.560713232455,
,1933,,,,PointAddress,,,,Berkeley,United States,USA,-122.269992326512,37.858429964566,0,,,ENG,,,"1933 Stuart St, Berkeley, CA, 94703, USA","1933 Stuart St, Berkeley, California, 94703",,,,,"1933 Stuart St, Berkeley, California, 94703",94703,2229,20,California,CA,-1,100,,1933 Stuart St,,1933 Stuart St,,Stuart,,,St,M,Multifamily,Residential,,Alameda County,,,,,,-122.269955697595,-122.268992326512,-122.270992326512,37.858149589905,37.859429964566,37.857429964566,
,25791,,,,PointAddress,,,,Hayward,United States,USA,-122.100138506899,37.641617370603,0,,,ENG,,,"25791 Belhaven St, Hayward, CA, 94545, USA","25791 Belhaven St, Hayward, California, 94545",,,,,"25791 Belhaven St, Hayward, California, 94545",94545,2531,20,California,CA,-1,100,,25791 Belhaven St,,25791 Belhaven St,,Belhaven,,,St,M,Single Family,Residential,,Alameda County,,,,,,-122.099928288767,-122.099138506899,-122.101138506899,37.641614185479,37.642617370603,37.640617370603,
,58,,,,PointAddress,,,,Berkeley,United States,USA,-122.243979425283,37.856228792973,0,,,ENG,,,"58 Domingo Ave, Berkeley, CA, 94705, USA","58 Domingo Ave, Berkeley, California, 94705",,,,,"58 Domingo Ave, Berkeley, California, 94705",94705,2435,20,California,CA,-1,100,,58 Domingo Ave,,58 Domingo Ave,,Domingo,,,Ave,M,Single Family,Residential,,Alameda County,,,,,,-122.243796699794,-122.242979425283,-122.244979425283,37.856317222051,37.857228792973,37.855228792973,
,58,,,,PointAddress,,,,Berkeley,United States,USA,-122.243979425283,37.856228792973,0,,,ENG,,,"58 Domingo Ave, Berkeley, CA, 94705, USA","58 Domingo Ave, Berkeley, California, 94705",,,,,"58 Domingo Ave, Berkeley, California, 94705",94705,2435,20,California,CA,-1,100,,58 Domingo Ave,,58 Domingo Ave,,Domingo,,,Ave,M,Single Family,Residential,,Alameda County,,,,,,-122.243796699794,-122.242979425283,-122.244979425283,37.856317222051,37.857228792973,37.855228792973,
,58,,,,PointAddress,,,,Berkeley,United States,USA,-122.243979425283,37.856228792973,0,,,ENG,,,"58 Domingo Ave, Berkeley, CA, 94705, USA","58 Domingo Ave, Berkeley, California, 94705",,,,,"58 Domingo Ave, Berkeley, California, 94705",94705,2435,20,California,CA,-1,100,,58 Domingo Ave,,58 Domingo Ave,,Domingo,,,Ave,M,Single Family,Residential,,Alameda County,,,,,,-122.243796699794,-122.242979425283,-122.244979425283,37.856317222051,37.857228792973,37.855228792973,
,755,,,,PointAddress,,,,Albany,United States,USA,-122.302043634607,37.885440228454,0,,,ENG,,,"755 Ohlone Ave, Albany, CA, 94706, USA","755 Ohlone Ave, Albany, California, 94706",,,,,"755 Ohlone Ave, Albany, California, 94706",94706,1979,20,California,CA,-1,100,,755 Ohlone Ave,,755 Ohlone Ave,,Ohlone,,,Ave,M,,,,Alameda County,,,,,,-122.302025529697,-122.301043634607,-122.303043634607,37.885356996155,37.886440228454,37.884440228454,
,950,,,,PointAddress,,,,Alameda,United States,USA,-122.270361046433,37.763041769044,0,,,ENG,,,"950 Shorepoint Ct, Alameda, CA, 94501, USA","950 Shorepoint Ct, Alameda, California, 94501",,,,,"950 Shorepoint Ct, Alameda, California, 94501",94501,5873,20,California,CA,-1,100,,950 Shorepoint Ct,,950 Shorepoint Ct,,Shorepoint,,,Ct,M,Multifamily,Residential,,Alameda County,,,,,,-122.269979250743,-122.269361046433,-122.271361046433,37.763662197517,37.764041769044,37.762041769044,
,1219,,,,PointAddress,,,,Livermore,United States,USA,-121.769966623639,37.667611580187,0,,,ENG,,,"1219 Bordeaux St, Livermore, CA, 94550, USA","1219 Bordeaux St, Livermore, California, 94550",,,,,"1219 Bordeaux St, Livermore, California, 94550",94550,5671,20,California,CA,-1,100,,1219 Bordeaux St,,1219 Bordeaux St,,Bordeaux,,,St,M,Single Family,Residential,,Alameda County,,,,,,-121.769730505426,-121.768966623639,-121.770966623639,37.66761484913,37.668611580187,37.666611580187,
,2128,,,,PointAddress,,,,Berkeley,United States,USA,-122.278731969315,37.869324007942,0,,,ENG,,,"2128 Jefferson Ave, Berkeley, CA, 94703, USA","2128 Jefferson Ave, Berkeley, California, 94703",,,,,"2128 Jefferson Ave, Berkeley, California, 94703",94703,1470,20,California,CA,-1,100,,2128 Jefferson Ave,,2128 Jefferson Ave,,Jefferson,,,Ave,M,,,,Alameda County,,,,,,-122.278487804476,-122.277731969315,-122.279731969315,37.869350410937,37.870324007942,37.868324007942,
,1248,,,,PointAddress,,,,Alameda,United States,USA,-122.240220812261,37.759815784059,0,,,ENG,,,"1248 Pease Ct, Alameda, CA, 94501, USA","1248 Pease Ct, Alameda, California, 94501",,,,,"1248 Pease Ct, Alameda, California, 94501",94501,4617,20,California,CA,-1,100,,1248 Pease Ct,,1248 Pease Ct,,Pease,,,Ct,M,Single Family,Residential,,Alameda County,,,,,,-122.240281748697,-122.239220812261,-122.241220812261,37.759866997488,37.760815784059,37.758815784059,
,1219,,,,PointAddress,,,,Livermore,United States,USA,-121.769966623639,37.667611580187,0,,,ENG,,,"1219 Bordeaux St, Livermore, CA, 94550, USA","1219 Bordeaux St, Livermore, California, 94550",,,,,"1219 Bordeaux St, Livermore, California, 94550",94550,5671,20,California,CA,-1,100,,1219 Bordeaux St,,1219 Bordeaux St,,Bordeaux,,,St,M,Single Family,Residential,,Alameda County,,,,,,-121.769730505426,-121.768966623639,-121.770966623639,37.66761484913,37.668611580187,37.666611580187,
,1139,,,,PointAddress,,,,Alameda,United States,USA,-122.241127482728,37.731335921088,0,,,ENG,,,"1139 Bismarck Ln, Alameda, CA, 94502, USA","1139 Bismarck Ln, Alameda, California, 94502",,,,,"1139 Bismarck Ln, Alameda, California, 94502",94502,6935,20,California,CA,-1,100,,1139 Bismarck Ln,,1139 Bismarck Ln,,Bismarck,,,Ln,M,Single Family,Residential,,Alameda County,,,,,,-122.241125387252,-122.240127482728,-122.242127482728,37.731334412345,37.732335921088,37.730335921088,
,8085,,,,PointAddress,,,,Oakland,United States,USA,-122.186806966638,37.836441298871,0,,,ENG,,,"8085 Skyline Blvd, Oakland, CA, 94611, USA","8085 Skyline Blvd, Oakland, California, 94611",,,,,"8085 Skyline Blvd, Oakland, California, 94611",94611,1118,20,California,CA,-1,100,,8085 Skyline Blvd,,8085 Skyline Blvd,,Skyline,,,Blvd,M,Single Family,Residential,,Alameda County,,,,,,-122.186691212555,-122.185806966638,-122.187806966638,37.83662050396,37.837441298871,37.835441298871,
,8085,,,,PointAddress,,,,Oakland,United States,USA,-122.186806966638,37.836441298871,0,,,ENG,,,"8085 Skyline Blvd, Oakland, CA, 94611, USA","8085 Skyline Blvd, Oakland, California, 94611",,,,,"8085 Skyline Blvd, Oakland, California, 94611",94611,1118,20,California,CA,-1,100,,8085 Skyline Blvd,,8085 Skyline Blvd,,Skyline,,,Blvd,M,Single Family,Residential,,Alameda County,,,,,,-122.186691212555,-122.185806966638,-122.187806966638,37.83662050396,37.837441298871,37.835441298871,
,4549,,,,PointAddress,,,,Union City,United States,USA,-122.071505758013,37.58019327539,0,,,ENG,,,"4549 Ellen Way, Union City, CA, 94587, USA","4549 Ellen Way, Union City, California, 94587",,,,,"4549 Ellen Way, Union City, California, 94587",94587,4839,20,California,CA,-1,100,,4549 Ellen Way,,4549 Ellen Way,,Ellen,,,Way,M,Single Family,Residential,,Alameda County,,,,,,-122.071314482983,-122.070505758013,-122.072505758013,37.580023877127,37.58119327539,37.57919327539,
,830,,,,PointAddress,,,,Oakland,United States,USA,-122.278006180319,37.811308455566,0,,,ENG,,,"830 19th St, Oakland, CA, 94607, USA","830 19th St, Oakland, California, 94607",,,,,"830 19th St, Oakland, California, 94607",94607,3350,20,California,CA,-1,100,,830 19th St,,830 19th St,,19th,,,St,M,Multifamily,Residential,,Alameda County,,,,,,-122.278065272736,-122.277006180319,-122.279006180319,37.811158419499,37.812308455566,37.810308455566,
,6934,,,,PointAddress,,,,Oakland,United States,USA,-122.205006425364,37.838493943139,0,,,ENG,,,"6934 Thornhill Dr, Oakland, CA, 94611, USA","6934 Thornhill Dr, Oakland, California, 94611",,,,,"6934 Thornhill Dr, Oakland, California, 94611",94611,1360,20,California,CA,-1,100,,6934 Thornhill Dr,,6934 Thornhill Dr,,Thornhill,,,Dr,M,Single Family,Residential,,Alameda County,,,,,,-122.204937693758,-122.204006425364,-122.206006425364,37.838652696385,37.839493943139,37.837493943139,
,36007,,,,PointAddress,,,,Newark,United States,USA,-122.038207893278,37.545353685294,0,,,ENG,,,"36007 Dalewood Dr, Newark, CA, 94560, USA","36007 Dalewood Dr, Newark, California, 94560",,,,,"36007 Dalewood Dr, Newark, California, 94560",94560,1807,20,California,CA,-1,100,,36007 Dalewood Dr,,36007 Dalewood Dr,,Dalewood,,,Dr,M,Single Family,Residential,,Alameda County,,,,,,-122.038135557453,-122.037207893278,-122.039207893278,37.545524759938,37.546353685294,37.544353685294,
,38660,,,,PointAddress,,,,Fremont,United States,USA,-121.989644235927,37.552491378762,0,,,ENG,,,"38660 Lexington St, Fremont, CA, 94536, USA","38660 Lexington St, Fremont, California, 94536",,,,,"38660 Lexington St, Fremont, California, 94536",94536,6206,20,California,CA,-1,100,,38660 Lexington St,,38660 Lexington St,,Lexington,,,St,M,Multifamily,Residential,,Alameda County,,,,,,-121.990164835933,-121.988644235927,-121.990644235927,37.551438192628,37.553491378762,37.551491378762,
,830,,,,PointAddress,,,,Emeryville,United States,USA,-122.274842430965,37.818662946959,0,,,ENG,,,"830 28th St, Emeryville, CA, 94608, USA","830 28th St, Emeryville, California, 94608",,,,,"830 28th St, Emeryville, California, 94608",94608,4502,20,California,CA,-1,100,,830 28th St,,830 28th St,,28th,,,St,M,,Commercial,,Alameda County,,,,,,-122.274884340481,-122.273842430965,-122.275842430965,37.81840319178,37.819662946959,37.817662946959,
,265,,,,PointAddress,,,,Fremont,United States,USA,-121.998740863986,37.584845064015,0,,,ENG,,,"265 Springstone Dr, Fremont, CA, 94536, USA","265 Springstone Dr, Fremont, California, 94536",,,,,"265 Springstone Dr, Fremont, California, 94536",94536,1585,20,California,CA,-1,100,,265 Springstone Dr,,265 Springstone Dr,,Springstone,,,Dr,M,Single Family,Residential,,Alameda County,,,,,,-121.998659810982,-121.997740863986,-121.999740863986,37.58474674429,37.585845064015,37.583845064015,
,7004,,,,PointAddress,,,,Pleasanton,United States,USA,-121.90558648757,37.664258190274,0,,,ENG,,,"7004 Corte del Mar, Pleasanton, CA, 94566, USA","7004 Corte del Mar, Pleasanton, California, 94566",,,,,"7004 Corte del Mar, Pleasanton, California, 94566",94566,5782,20,California,CA,-1,100,,7004 Corte del Mar,,7004 Corte del Mar,,del Mar,,Corte,,M,Single Family,Residential,,Alameda County,,,,,,-121.905591768169,-121.90458648757,-121.90658648757,37.664443346515,37.665258190274,37.663258190274,
,25358,,,,PointAddress,,,,Castro Valley,United States,USA,-122.033332978391,37.68913211659,0,,,ENG,,,"25358 Gold Ridge Dr, Castro Valley, CA, 94552, USA","25358 Gold Ridge Dr, Castro Valley, California, 94552",,,,,"25358 Gold Ridge Dr, Castro Valley, California, 94552",94552,5455,20,California,CA,-1,98.05,,25358 Gold Ridge Dr,,25358 Gold Ridge Dr,,Gold Ridge,,,Dr,M,Single Family,Residential,,Alameda County,,,,,,-122.033545459636,-122.032332978391,-122.034332978391,37.689121303935,37.69013211659,37.68813211659,
,373,,,,PointAddress,,,,Oakland,United States,USA,-122.254304002158,37.811343408102,0,,,ENG,,,"373 Staten Ave, Oakland, CA, 94610, USA","373 Staten Ave, Oakland, California, 94610",,,,,"373 Staten Ave, Oakland, California, 94610",94610,3469,20,California,CA,-1,100,,373 Staten Ave,,373 Staten Ave,,Staten,,,Ave,M,Multifamily,Residential,,Alameda County,,,,,,-122.254023208401,-122.253304002158,-122.255304002158,37.811482631514,37.812343408102,37.810343408102,
